Landmarkcoord1_,Landmarkcoord2_,Landmarkcoord3_
-50.2188,-91.8147,-55.9818
-319.583,-401.866,-263.242
52.4381,7.72362,-165.428
1.78324,67.4712,124.495
-374.38,-618.742,-465.371
423.015,-75.1043,93.3238
-266.546,-744.333,-119.771
640.463,-581.217,295.078
264.223,-188.732,211.664
-121.457,-189.197,-854.696
-302.246,-316.646,332.186
676.692,-93.0953,143.16
-739.919,-41.7999,-549.34
210.18,25.2973,-211.439
264.692,299.598,94.2838
-480.535,471.837,-116.738
117.048,707.91,125.663
234.113,328.545,-805.322
-655.35,281.164,-463.027
52.7809,-168.576,-576.8
-169.335,37.0656,-916.885
-670.856,447.731,-182.59
-357.951,262.997,427.718
-934.142,-318.339,12.2224
-584.417,550.828,386.482
60.6469,-313.785,498.678
-155.983,789.356,-183.486
-428.019,495.75,-349.342
-600.793,148.089,402.563
779.51,293.055,-275.229
-75.3504,151.557,-6.64285
284.895,-39.2746,-276.791
-278.819,-555.038,-449.601
-338.767,-331.177,400.127
-203.772,661.002,581.588
-199.044,94.8122,-22.9211
-296.625,253.637,198.569
75.1033,172.84,88.1143
-88.364,368.035,27.5741
-12.1365,-199.409,450.869
295.37,414.16,382.964
-164.911,-630.32,-104.07
-230.706,142.279,-164.93
-551.368,578.678,-371.302
-231.012,-114.203,-169.406
-49.8636,63.0496,82.3247
-841.716,386.47,52.1183
-406.83,42.8145,7.62716
-346.841,-707.318,379.304
98.5462,242.17,78.4238
-35.5789,103.182,89.1449
-61.7406,332.536,-469.827
269.483,-57.5147,-205.756
537.924,-308.207,-314.258
-534.255,-338.735,44.5627
387.208,528.604,-471.202
145.527,638.174,380.936
89.7264,72.2693,-326.523
-122.326,-259.763,-712.668
15.672,-17.6,-39.8039
-3.806,42.2956,188.841
-556.427,-348.995,-254.977
-124.777,-525.928,-102.104
353.836,-127.842,236.484
-1.58455,91.5218,-15.7995
789.567,443.588,294.857
48.9549,-197.074,-145.448
-95.763,-89.3872,-85.8334
-313.21,161.156,-165.936
-299.669,202.171,-428.387
441.27,-433.106,438.524
-176.723,-467.885,-683.44
670.313,331.29,651.688
-640.1,17.3024,-379.536
-201.086,22.1387,-225.985
-371.227,390.748,-255.887
-48.6544,-23.1632,-38.094
0.553843,210.547,82.4915
760.547,297.598,-391.359
156.138,120.989,-90.1983
-371.058,-128.003,-793.115
-435.376,116.268,55.4941
761.086,-186.058,409.328
276.665,-135.011,-181.85
-150.855,183.246,-188.846
-34.0424,-239.688,91.0296
204.86,40.0127,370.527
506.607,-309.13,-347.309
365.764,-257.863,-275.089
225.372,-223.625,59.8959
-470.664,415.694,551.662
325.696,-443.328,-322.884
20.7091,94.0854,117.199
-54.863,-132.434,-80.0698
-499.015,806.33,-44.281
560.571,-646.907,374.435
-322.417,170.422,163.866
-52.4143,-530.628,-31.891
432.362,396.973,176.549
-402.064,629.815,-506.631
173.624,136.159,28.3876
-483.138,-547.848,292.617
25.9218,218.437,-135.553
-32.2096,469.44,713.899
-175.353,-41.7715,51.4751
87.7065,143.365,79.3738
81.8683,-60.9202,-96.7651
611.662,584.847,-185.86
-22.1363,20.2297,-36.9588
-13.5486,-79.8797,-129.801
83.4694,587.966,-690.202
-257.878,-294.687,-42.4038
-442.322,-84.9034,-355.02
-160.253,268.545,219.828
-458.493,339.698,-523.217
197.368,-641.475,484.773
-209.78,-85.7621,457.063
-95.3483,-65.1087,56.2746
2.95923,80.0083,62.542
-35.32,29.0754,-10.697
0.266887,171.363,463.416
-5.53248,538.072,-501.933
20.3941,18.8801,-48.7389
-49.0192,736.528,472.234
87.0081,122.918,44.2194
389.375,163.272,-371.846
258.083,-110.545,-677.115
760.767,-168.254,-266.962
-175.449,-120.462,71.0052
-240.156,11.495,-188.741
622.233,-767.726,-80.4344
414.759,81.1469,-513.343
-204.324,89.1766,246.144
-688.232,-389.501,-261.859
614.126,751.277,-133.334
498.608,306.396,-382.743
247.156,-281.381,-184.561
-575.021,234.773,555.247
376.583,-63.1519,-407.528
226.094,-550.304,510.027
119.185,93.7485,-131.165
-630.807,-227.592,165.029
391.595,-173.986,653.445
-37.9975,-2.83732,-38.5721
392.581,-352.794,532.68
30.58,127.833,233.142
536.939,-405.596,-706.526
-101.36,86.1785,706.865
244.865,770.177,-48.3835
-169.48,-541.111,-467.314
84.4815,-86.5523,421.25
-215.632,-744.148,275.069
-91.022,273.258,-572.76
255.503,102.932,-696.194
346.549,-78.3737,-231.878
189.554,-358.538,8.98414
0.0190067,45.4335,22.5542
228.639,213.842,-220.995
-299.416,-187.031,-349.797
-243.02,579.038,447.981
-248.491,285.981,270.31
345.901,66.0621,-259.356
357.86,112.223,157.023
621.854,-321.383,143.682
33.2176,-285.871,38.2746
-325.319,621.848,-189.592
205.317,821.306,294.748
35.276,10.8611,36.6821
-102.551,-261.51,-196.688
196.23,-37.0043,-104.275
-134.256,-168.448,155.905
-69.8073,68.991,60.3265
164.76,-260.733,-414.593
194.195,-132.703,-170.16
-173.629,118.752,-269.643
40.0257,120.222,97.7986
-561.683,504.168,-214.565
202.374,-247.087,248.031
69.1399,63.9707,29.9553
507.913,-434.294,384.665
11.4315,-5.67252,-155.008
-64.6484,21.5588,6.16362
-441.889,-304.873,-612.359
169.536,-18.7951,-67.3002
-422.533,253.24,221.131
-232.586,569.319,-43.5942
-483.881,-306.638,-617.476
254.076,295.594,-200.345
-410.822,-323.028,408.481
481.501,-632.915,-93.1543
-93.0733,-77.1528,-78.5275
-353.712,-235.502,-313.971
373.536,622.419,-12.921
17.9065,-119.24,127.128
-178.369,594.735,17.3648
-6.33335,81.8703,68.128
-16.6624,-13.7199,19.2937
-14.276,0.793509,-15.9252
-236.737,448.56,-803.842
-47.8822,96.9916,263.414
-888.761,-18.7748,305.799
-29.4994,58.1716,48.0296
1.73207,11.8989,0.0187362
2.44258,35.1479,-6.63689
-65.0063,-122.032,192.976
-532.938,-478.361,568.784
447.447,462.669,-656.228
601.211,287.156,-150.1
-268.25,-109.333,213.756
-218.702,-178.91,-338.526
-64.1477,86.7101,67.4577
256.025,-639.897,521.359
22.1667,-15.8959,18.1855
-89.3373,-425.134,877.932
137.925,147.559,121.725
146.067,-118.207,-16.0176
394.053,-650.873,-610.393
507.494,460.46,-191.148
518.787,711.394,-66.7499
-519.14,-132.084,-137.493
-117.092,619.318,-293.85
-269.079,-779.848,107.277
-583.634,-266.553,-515.783
42.3641,-141.502,49.2638
-236.557,229.96,-30.2955
-1.83233,12.2396,-9.79526
-390.473,-55.3915,-137.431
-492.049,-382.213,-495.786
182.031,-244.184,87.5687
-587.238,143.502,-523.903
-152.392,503.094,-487.953
-74.7168,132.297,100.383
95.2813,107.495,-140.854
-245.036,-607.496,497.694
-58.308,368.678,248.557
-399.113,-785.254,-51.1621
-341.118,-308.91,-285.847
431.917,10.1415,98.0444
545.105,-110.476,64.152
-4.88438,145.161,-476.14
69.4525,-118.825,119.058
-492.823,159.411,50.7927
-807.07,152.188,-411.781
-209.971,629.519,-185.557
-2.01443,-1.09864,-6.41822
73.9545,-137.549,-112.922
-31.3137,-21.0301,-37.6736
524.849,-27.9388,-287.328
166.76,80.3404,143.232
154.556,-24.4585,-152.68
39.5337,-34.566,-12.7635
436.983,215.814,335.825
-38.6901,176.374,-180.508
564.269,-215.186,-670.16
-100.513,149,350.568
-184.214,668.253,-440.852
-331.733,-166.878,246.708
-712.158,-182.646,-145.521
155.025,414.306,-474.675
395.296,-677.038,-105.522
200.675,199.899,488.08
141.838,218.737,-165.42
53.9653,-211.23,71.7073
479.081,465.885,419.051
165.186,-80.4089,279.577
-71.3044,85.2886,53.3941
361.959,-631.939,-634.681
6.80663,4.24816,282.775
75.1708,75.6588,21.3945
301.19,302.412,-710.675
455.236,-122.552,-640.457
-445.45,124.424,625.976
-103.45,51.3318,98.5131
-121.226,123.161,-251.457
-171.565,-115.308,-55.7572
-208.614,-14.5147,-850.577
-415.197,-177.41,375.064
456.662,395.336,15.5429
-538.288,300.666,-641.032
433.773,50.6816,8.20716
204.245,347.772,386.203
103.761,61.6541,5.84542
434.951,258.877,-480.735
430.755,230.907,484.779
695.265,263.439,-425.88
93.9959,98.2546,61.1886
-367.939,-282.93,-636.798
-30.6372,-27.8434,106.609
-33.4861,192.36,-118.653
-144.191,-64.7575,61.8473
173.632,284.687,-160.833
422.866,297.31,-459.781
-9.67137,18.4462,39.0581
173.201,118.621,198.755
49.2476,-646.073,-325.69
5.15891,9.75672,-5.2363
437.523,-204.664,-791.973
19.2439,-26.5969,33.9186
-32.3317,27.3174,-17.9299
-57.7978,-166.01,-199.798
59.7425,70.9675,-75.3368
-74.4962,235.4,-281.304
75.769,151.016,124.773
-259.352,-521.242,504.895
-470.71,-450.233,318.838
-129.291,167.82,-67.9578
-650.446,67.8651,-610.505
114.005,272.53,-72.1052
-226.861,-580.73,-177.888
642.387,-379.739,183.85
1.29658,140.847,-121.798
7.50767,8.94099,6.89373
206.256,-428.299,547.386
115.945,-239.27,-140.777
-361.497,391.248,20.3378
-315.388,388.082,440.589
325.367,-149.61,-337.529
-82.2646,345.705,-21.7165
462.852,-483.114,-604.477
383.147,830.213,216.31
530.621,57.1219,644.975
1.37164,-8.43577,2.10365
-7.43404,56.4676,148.662
-31.4798,1.16879,225.568
-77.179,-48.8732,-85.5625
-735.527,2.35106,-118.191
24.4629,-126.959,-301.282
-87.9332,383.907,500.368
117.193,-72.4613,127.656
716.463,-34.4487,-161.949
364.236,6.10454,-373.436
184.323,-30.1104,52.3366
1.72727,-4.38419,-1.52633
122.606,-14.5338,-337.426
605.743,229.576,575.732
-301.879,636.14,317.835
34.512,-177.967,-157.102
64.5147,-98.1391,-24.4399
296.787,350.684,-50.582
620.63,-413.004,271.209
-141.037,249.448,-213.132
9.7412,-654.645,-453.871
-407.058,-192.239,368.733
576.747,-366.409,-189.273
-40.5843,616.306,26.1672
194.933,-65.8656,417.294
-747.095,70.8015,-597.805
-531.449,-485.831,638.512
-40.6318,-25.9546,-20.3398
152.339,-311.671,27.147
-144.84,113.048,-354.315
387.691,-600.038,-35.353
-352.569,-58.1429,-334.341
3.65417,-4.28514,9.44752
814.095,570.348,23.8745
382.944,-482.194,230.959
28.2248,-816.547,-110.744
-234.734,-106.08,-246.477
-161.292,-208.326,-228.01
-349.685,-0.90166,-745.621
502.368,729.77,432.438
627.637,-729.772,-168.269
272.963,-187.978,-10.674
-59.6485,44.5613,46.7741
396.534,335.104,-658.336
66.6257,-51.6592,24.5107
398.766,-754.984,123.457
-22.9124,0.288691,8.05104
-41.674,-20.3587,122.885
719.529,117.599,181.568
-330.343,-297.262,2.90423
-14.6811,-4.95706,-73.2925
-75.5017,-342.428,-249.074
159.185,-746.84,-317.732
-131.56,-124.502,60.0538
3.80367,-2.5323,-4.86552
643.064,173.943,-483.134
-299.627,-246.14,-61.1636
-15.1601,323.445,-421.658
-100.937,-114.323,160.28
-707.086,-549.274,-105.886
-377.689,542.744,-620.758
-30.0162,-8.96299,-37.518
-439.271,272.611,-150.196
399.642,-861.326,32.4977
-648.125,-405.703,583.934
-263.176,601.367,499.513
23.5943,735.909,170.087
-714.133,373.099,-145.951
-474.615,235.223,-816.965
-722.914,-156.803,-550.9
547.453,537.435,115.049
-61.7653,779.243,-114.041
40.0864,234.916,264.674
127.371,422.355,156.415
415.281,-301.603,-190.956
-5.47347,6.82817,2.4676
104.287,-106.517,3.30547
692.405,250.725,-675.81
558.517,-485.24,213.583
361.221,-431.629,197.359
317.299,700.971,-623.904
-229.029,100.44,126.082
-597.251,-612.867,339.902
-119.939,338.436,431.764
-12.6083,-19.1387,-0.067049
453.28,535.992,71.5011
-463.08,766.214,271.859
-271.299,579.284,-758.828
-261.777,109.939,392.32
460.921,511.828,338.942
110.49,472.643,-360.734
-619.015,-550.862,79.4994
-40.3526,80.3451,62.2507
175.468,-177.083,124.35
238.353,-659.178,-38.9251
-359.039,214.011,-513.483
122.421,-141.709,-103.226
769.759,563.206,-156.302
168.727,252.646,-211.891
-77.5299,-84.0885,-614.69
-567.431,458.441,410.148
290.909,339.286,-190.949
-138.928,-105.592,-23.3001
323.646,-268.163,263.743
338.019,28.9081,-344.905
-349.597,-222.822,632.416
365.161,-645.244,-486.826
-134.346,400.389,-433.459
619.231,81.8591,-570.006
-395.078,-358.538,-95.3771
655.966,617.255,22.9507
271.181,168.137,180.618
-28.2218,-109.408,102.44
70.0949,89.058,-50.0425
731.34,659.019,99.5419
-576.292,107.846,205.457
418.467,484.379,412.659
-442.176,216.954,579.622
110.547,0.380836,-159.076
-559.102,-6.77399,87.5713
-526.659,-96.489,89.9872
110.075,140.325,-108.192
88.7369,-52.4921,39.0568
32.1305,394.985,178.04
-217.019,487.074,-474.72
-124.711,194.884,-468.967
222.556,-125.563,49.5682
-174.496,247.283,-24.1114
-713.246,216.913,188.612
-290.233,-323.2,276.68
914.04,231.578,-125.158
43.7363,88.9867,209.739
-368.529,-266.862,-613.764
-52.3771,56.0998,49.4272
62.1174,-936.875,-267.549
-238.162,501.501,176.899
74.0496,456.778,-696.914
31.6114,-115.656,-83.3343
120.758,-272.768,101.398
3.12195,123.14,57.3007
-761.446,-439.501,436.053
134.481,162.97,202.517
228.911,-259.668,-230.415
-68.2874,666.894,354.595
-65.5996,477.415,480.778
70.7344,194.642,368.42
38.3405,-600.603,-160.027
-192.149,-532.343,218.355
276.807,108.345,-446.442
-512.976,-268.718,-542.084
-55.8393,77.2792,-90.6816
-375.164,-209.278,-291.698
280.795,-128.891,604.445
768.041,-25.359,249.018
-147.002,-347.642,366.936
240.288,343.963,-357.456
310.387,315.633,-83.4916
7.30424,14.9341,-42.1019
286.911,57.2982,190.122
-372.174,-741.491,-5.752
52.9725,2.85578,-71.5835
659.838,427.05,-422.227
-220.755,369.199,-339.277
515.842,379.738,-372.478
46.245,-117.354,91.6289
303.537,241.743,63.9082
769.764,278.32,-324.987
110.594,668.637,-93.6434
-418.65,504.208,-521.522
-645.095,536.776,-12.3709
66.4188,-108.884,-105.45
355.404,402.665,-626.988
284.291,514.529,418.167
16.8078,6.37554,11.0787
-136.722,-114.257,-18.8812
-91.3965,-257.429,68.1611
-16.2835,-427.781,-308.247
-185.289,-77.3633,-526.551
-131.509,127.682,-171.582
42.8886,-43.6017,11.5798
-664.774,103.389,152.088
-290.863,263.859,-180.299
59.7785,-133.815,-421.309
-11.9642,-67.1271,40.8451
-24.2964,-3.00584,-182.213
225.382,737.762,532.403
-119.456,100.653,323.49
-576.23,-161.834,-430.709
184.013,206.877,-216.732
197.451,-337.617,-563.62
46.7065,165.944,-217.146
426.179,-474.317,245.37
-238.376,-256.521,173.932
-479.065,-343.265,393.438
-76.6618,-257.538,-117.432
113.122,126.537,96.7483
-722.197,216.77,34.6614
507.856,-58.0383,-526.478
35.4686,-173.735,130.478
17.0187,84.5028,-13.4267
-0.0243013,-0.000901574,0.0227468
-412.976,385.849,461.563
653.376,-604.209,60.5996
-201.114,588.121,-474.641
-151.818,-123.605,-83.5973
-199.663,-24.3293,521.31
-116.43,-35.8665,153.227
229.048,842.276,69.6773
-23.8618,-321.038,281.38
-143.726,-481.086,-759.797
-338.234,-226.641,-300.857
783.208,397.105,115.779
334.202,488.775,163.986
-491.142,190.241,381.845
532.58,-715.674,-16.0261
445.503,-8.26091,194.781
-123.869,740.19,-95.3974
333.297,76.8414,-544.153
481.71,301.796,-544.73
-261.825,53.8983,48.9188
264.431,-102.016,-488.158
-206.677,-282.776,142.255
-501.733,-365.24,-285.746
455.768,-159.652,-515.083
-47.2829,403.277,500.06
-134.791,-445.102,-59.9598
-178.005,531.843,514.007
-3.45625,1.49071,13.9798
2.89731,2.15615,4.4248
-416.41,330.566,-175.849
163.484,33.0009,-46.3363
84.027,-45.4218,-110.319
-36.0347,248.005,137.933
23.6757,-444.758,361.013
-36.9214,-33.4063,-16.9401
284.033,175.29,113.224
125.006,-60.3524,82.6933
-200.042,283.924,165.717
809.035,59.4384,-288.72
-73.213,-60.645,492.607
333.559,64.2762,569.202
-157.194,-558.072,411.302
-182.73,165.524,205.662
135.231,-282.984,169.624
243.145,-589.889,24.5894
-71.7096,-170.647,12.4436
407.317,-418.509,-283.352
155.215,-255.145,-136.044
-135.95,2.95639,-647.042
117.818,-11.9053,29.3857
660.091,-272.697,-528.804
11.2467,-751.565,-51.2704
146.682,392.943,-793.886
97.6148,-20.6856,32.2807
140.785,-78.6446,-24.5304
165.788,-22.6679,355.412
126.16,-181.381,105.196
692.768,-62.5343,437.13
7.24728,51.1508,-43.9001
-31.2722,-207.194,183.892
207.528,-216.748,-228.042
680.813,76.3063,151.826
-867.23,154.725,254.555
34.6133,166.688,118.381
257.542,-51.3088,-512.801
21.9206,56.2463,-175.964
12.7635,-20.7984,11.452
227.852,440.098,757.855
32.8862,-36.0569,-4.753
627.159,2.79661,320.47
653.529,-208.384,-437.189
-732.963,452.553,-26.0957
-134.314,687.221,-168.129
-2.08125,-66.4534,-77.8192
418.971,-447.57,-237.834
619.948,-153.526,-758.998
190.421,766.683,-378.716
-376.039,201.464,-233.667
78.9849,-541.706,230.881
-258.253,-405.977,455.769
4.58928,-124.308,-504.809
1.37601,1.88585,-0.656229
309.832,294.75,33.9273
-517.604,200.035,681.873
-526.503,41.5488,-449.368
-492.482,-365.45,-329.401
-264.895,205.651,-76.5802
9.23653,23.7658,161.469
46.1228,-307.606,-468.837
16.9797,46.9425,-104.626
-112.481,429.882,-665.456
-38.9742,33.4104,405.435
548.541,314.802,615.551
-13.1564,30.503,20.6132
-366.272,289.205,89.5659
211.226,86.6848,190.345
69.5778,-147.964,99.5302
-376.707,452.205,84.2907
487.102,254.028,-116.988
-358.373,-198.776,-149.707
402.289,-701.798,402.873
-84.9656,-245.168,-342.744
-356.931,603.366,139.617
-660.117,-335.565,116.656
-655.094,317.557,452.363
668.367,369.936,237.164
162.867,339.86,-183.667
-144.701,-44.9969,-218.917
-131.879,135.963,33.3829
61.1652,-17.2782,-26.0729
-272.948,-373.845,545.862
31.4817,27.39,16.3584
-357.659,-426.591,-53.8416
-176.971,268.001,440.798
99.1727,-94.1663,109.597
42.1333,-116.355,-399.973
-260.824,561.887,-778.902
-201.739,427.185,-673.697
399.214,331.353,349.707
278.272,555.502,-419.925
158.721,111.729,116.296
137.51,157.821,-174.567
-881.16,55.3933,-374.624
-0.646758,-189.761,96.5818
146.199,-21.1371,95.892
204.135,60.2873,-243.011
-10.0096,-9.92975,-75.1655
190.785,-166.241,174.457
-10.1923,11.8055,31.5211
-27.431,-159.421,-151.295
-176.62,122.565,159.344
307.831,366.315,361.221
-572.234,-75.466,-31.4689
-252.772,201.889,5.60421
8.44133,220.749,-311.048
350.679,-66.5426,75.8838
38.8993,14.4372,-58.4772
180.104,-49.4814,194.91
11.3124,111.945,-118.309
18.8879,-253.242,-352.414
734.56,-155.828,204.995
-21.0049,-896.734,386.811
-471.555,-156.3,-62.2657
62.1387,154.428,-216.501
600.021,68.5472,658.677
453.33,-69.8007,124.621
-32.4552,30.8122,50.2794
18.584,49.4255,-39.2154
7.95678,14.4728,-12.4071
162.093,-468.295,-52.1328
-153.284,99.8768,-321.423
-351.76,-196.089,-347.858
65.4858,-175.686,-583.817
-201.266,620.351,-403.686
0.635128,-188.117,-235.632
35.4983,59.1607,-115.89
-412.252,425.933,-271.869
427.384,-375.819,-351.817
61.1434,183.658,142.143
601.53,-227.926,167.338
-336.157,825.278,-268.386
-292.797,-537.365,596.028
-78.5261,-388.478,493.059
-465.179,355.358,386.076
426.231,532.187,-178.258
-32.1156,-270.672,-27.8789
-33.2518,-87.1702,127.462
-406.679,568.884,-560.498
30.5186,-214.114,-36.0467
51.0947,-110.583,39.9665
707.324,615.312,-253.246
83.3004,516.206,518.844
196.23,-37.0043,-104.275
-113.482,265.178,445.997
121.391,-362.227,-303.338
423.365,-591.714,537.03
709.473,286.095,-149.045
149.582,-217.136,-342.427
119.829,201.232,503.815
-151.75,161.596,326.472
-327.534,192.759,-123.366
140.022,-579.14,562.878
584.809,265.262,-642.252
-201.089,-87.5268,240.618
-195.683,-6.84173,41.1087
-787.792,206.44,-48.5836
177.557,-43.1868,-53.2244
-115.249,95.0958,74.5794
429.944,260.035,2.64871
64.5654,-0.415972,57.0111
320.133,-440.68,396.857
-313.609,147.781,17.8059
877.58,-404.992,-39.9842
-66.4928,-15.1634,-46.0289
584.544,-150.607,560.052
-93.0491,-79.1788,-122.786
-825.908,-20.057,27.7826
-92.8333,-130.467,-261.348
11.4458,-9.18572,7.03317
263.269,90.2717,-474.195
-250.827,192.998,-444.001
-322.035,130.638,244.418
-579.929,51.3429,112.298
201.974,21.2914,-181.155
348.349,-139.758,382.874
-277.973,-130.667,-190.928
254.105,-664.861,-518.851
63.7681,104.348,-133.887
-63.4655,-51.0881,-27.2588
140.674,-32.3465,72.6732
-100.676,607.489,192.301
-254.876,-276.635,75.9632
49.7156,-189.336,-658.102
-105.425,189.288,558.025
-430.281,-75.3202,330.358
-636.488,-104.763,-515.979
-417.832,302.371,-130.881
7.83495,-12.7204,-20.3846
-274.042,-580.794,-356.753
475.004,372.21,-153.52
-92.0187,15.9586,-21.1909
364.686,-454.56,-235.686
380.281,57.236,-68.6149
-91.2108,88.868,81.5394
-556.18,-406.324,-616.78
59.9826,-120.585,-61.1875
69.7366,29.5482,68.4361
-360.984,-426.905,441.673
-604.166,-79.6954,586.302
-486.232,312.597,98.576
-20.6721,-57.4622,18.6547
-578.603,558.94,500.182
393.439,-344.458,-68.3784
-602.382,-364.585,-532.438
-78.9189,54.4853,621.584
-294.068,324.406,102.422
-118.73,15.075,45.6567
-624.11,-36.9987,250.998
376.442,-346.296,-675.734
49.1383,40.4595,19.6339
-484.822,-40.4096,-520.818
762.027,-77.0152,227.706
693.46,33.9089,249.907
-372.744,-182.53,-273.621
-63.284,-97.6223,-269.198
21.996,16.8894,-47.3527
294.636,311.712,-167.976
745.832,190.045,103.419
-104.834,111.834,60.1259
-109.066,70.7679,53.5456
558.067,593.42,-130.039
7.7385,-10.6859,9.84024
-486.896,-274.356,-199.469
-33.326,411.003,503.356
-381.326,91.9609,134.051
-226.149,-186.995,-104.074
305.497,339.988,-466.236
-6.84766,175.287,-962.835
204.038,189.621,-154.13
-5.20281,-4.06323,-3.83521
-184.251,-47.8243,-469.262
-373.05,-246.689,787.12
-136.419,-20.0031,147.359
-41.8882,-169.269,-515.544
-11.3287,280.582,286.233
137.706,76.6394,13.0025
1.90747,38.4233,-29.9041
172.433,142.416,90.1423
486.887,-170.979,-386.195
262.182,-420.949,-345.723
220.149,-376.701,-22.3473
-121.55,-56.0202,-110.835
-257.817,-413.235,541.192
203.809,119.437,-184.161
58.7441,-72.086,4.36447
-540.971,151.533,433.532
-431.793,-646.84,-582.212
-191.974,-84.9596,-236.053
147.755,366.143,-258.866
-25.203,58.3602,-161.136
-348.131,-755.748,521.298
4.26455,0.440409,-2.22999
-33.705,-383.234,-230.903
575.452,276.501,-42.6013
-541.503,-345.289,681.645
392.15,397.926,-388.918
125.112,41.2143,-82.0763
-24.5601,-54.6938,62.0334
210.141,78.0413,444.237
-27.2542,12.5422,-5.04638
-97.3209,147.561,-44.3536
-55.4926,65.4303,-712.868
-2.02483,19.8506,-8.02739
-13.2702,-182.331,-35.0448
-542.725,-198.899,160.179
217.595,695.96,-384.606
372.02,-694.729,156.374
51.4541,-14.8589,-25.3801
429.52,552.081,243.458
286.178,-623.419,504.571
152.576,107.209,-131.982
-683.957,-285.484,558.339
-17.9866,23.93,22.5063
102.268,-39.2136,24.0778
488.053,-588.868,-346.23
-78.2275,36.3433,-86.6295
-43.6066,20.2682,186.732
-465.193,449.166,386.72
-132.964,-137.206,399.798
193.563,61.2734,6.9295
136.907,-120.741,-79.4179
-109.883,340.156,-125.517
560.959,120.775,616.587
160.514,43.823,-208.217
-115.034,-489.857,-478.388
38.3143,-436.75,-660.955
-52.9409,30.5893,39.6689
-347.844,375.385,357.309
4.73626,4.01561,29.571
757.081,-380.602,-17.0487
-50.6371,-53.6331,-70.1856
362.866,-202.347,31.5444
321.876,80.8166,150.305
124.075,523.266,-32.8811
-813.581,304.244,-471.721
178.716,-441.002,83.0068
-898.655,211.505,96.5616
207.528,896.668,12.0084
-289.036,-434.728,-91.4609
667.977,-557.638,169.78
357.452,346.992,379.035
-557.174,-369.363,579.629
-21.9276,24.2149,11.7765
-140.21,-124.466,-286.123
-192.522,-282.135,172.781
571.169,-492.511,590.506
-0.947933,-64.4259,-77.6061
44.683,-724.295,354.733
-13.1309,-45.0539,104.833
-169.267,94.5321,-153.422
-190.007,515.745,-123.355
-111.508,323.108,-289.39
-59.7325,310.743,-296.604
353.79,-372.964,-656.599
-362.034,743.98,560.62
66.5081,176.485,-53.8447
-422.108,579.715,379.694
-250.279,207.623,551.444
-292.891,-112.47,331.668
676.497,-391.638,376.734
647.959,-522.331,-122.105
-46.7078,483.441,-213.765
220.967,264.295,266.28
232.509,285.345,-345.208
-156.309,-252.342,-62.2568
-857.756,113.678,-76.55
-66.5022,204.278,232.749
-526.197,360.477,564.661
190.764,669.61,-533.018
835.14,-83.6278,-285.678
51.7307,214.937,195.631
606.745,455.299,-283.611
-742.806,577.677,289.749
241.654,404.489,-535.623
297.698,668.666,538.313
592.089,454.862,-474.204
-411.801,-468.965,348.088
-733.744,-594.732,-146.467
-44.6783,42.329,-16.6194
240.49,-550.524,-447.208
-5.84004,-716.919,222.247
-217.452,-70.5679,-117.436
-202.424,235.999,-366.684
121.213,496.005,-526.806
705.792,328.51,618.234
447.136,562.425,-139.15
-68.5329,158.609,-448.981
-569.869,-810.915,-82.3686
-386.781,-110.792,-374.165
126.549,116.222,-39.4803
-274.954,284.943,-153.045
95.3807,-74.5688,239.267
571.875,-753.801,119.671
-19.282,-231.114,296.433
12.7419,-49.6167,46.9027
367.936,-165.447,166.609
-104.397,158.163,-0.312626
-79.0383,34.3337,-87.6065
1.55601,2.44807,-1.61861
87.4606,103.088,353.356
116.855,200.353,-131.817
495.162,679.654,189.075
108.012,-472.954,322.091
-51.0563,194.355,-177.229
408.811,-805.977,17.4096
51.5371,109.921,-74.7705
-240.217,291.652,241.28
-377.324,411.058,-413.309
150.263,506.613,530.778
-267.706,-147.622,-18.4026
-333.72,71.2626,263.582
-584.608,-346.856,-26.0402
-29.1544,800.628,179.784
167.857,93.0638,-405.813
642.024,196.267,-137.211
-515.377,534.447,39.7162
-201.244,-197.153,238.363
169.886,-277.505,-16.4203
329.321,514.617,-614.378
557.642,-250.879,-155.358
616.487,-289.941,-682.551
-48.1917,-10.431,11.749
-28.4974,1.90283,33.8979
180.72,-434.589,80.4195
75.9253,154.287,22.9574
62.5046,-164.657,931.544
-91.013,-139.036,147.678
99.7675,-164.839,279.692
-99.5211,-138.954,-176.058
201.211,-119.974,57.2338
-0.236693,-1.83573,2.14269
251.397,89.4471,-66.6927
-167.516,9.17071,174.418
317.477,-321.404,806.264
-285.964,-318.121,-229.242
-335.072,469.384,336.381
-765.37,-105.088,492.968
-594.119,-225.698,483.278
37.561,-124.486,-226.588
-143.1,-26.7136,39.5732
-32.5538,-149.48,-543.108
-74.8342,124.365,163.884
19.9484,-15.5465,-102.025
-298.713,-311.403,317.898
-242.855,140.25,33.1571
-261.693,78.6203,-144.3
-18.8204,-54.5621,-95.4091
-132.505,-133.61,472.497
-176.315,133.82,-279.139
304.221,68.135,-41.2509
131.401,141.064,131.948
-642.497,-123.995,-201.33
493.104,-341.899,41.9086
-172.994,202.306,162.553
-824.982,-384.851,-50.2528
-204.65,-83.4988,239.309
141.847,79.3493,227.726
-51.6042,55.5164,2.35721
-220.577,11.1501,172.106
-106.141,303.232,651.099
114.726,479.077,434.902
-23.7439,20.5607,-36.0681
-310.826,-37.2562,-387.502
-18.1628,-1.02802,-362.713
-206.388,-764.638,-247.58
380.052,46.501,-325.96
-123.811,-104.224,-63.9031
-225.851,690.649,-656.579
142.785,-349.348,605.794
48.1615,10.9623,-58.9894
573.325,423.218,-55.8712
912.463,294.742,-259.592
221.226,-38.1879,110.049
87.7067,25.3798,159.512
-538.274,431.354,634.879
252.2,372.632,-527.616
622.6,617.97,-311.741
38.3432,-0.033311,30.9352
-62.9422,280.481,74.1281
9.15139,517.693,365.103
-234.588,181.255,166.946
1.69006,-19.636,-10.1446
-158.261,287.513,645.965
181.998,340.917,-336.316
-60.1572,-39.089,-21.0918
427.932,601.745,371.634
342.358,182.926,-368.527
-335.353,37.9528,5.15114
320.44,13.4259,-97.6667
50.934,-20.201,102.545
437.404,847.109,94.4442
117.119,314.761,334.416
321.445,559.038,302.149
290.65,-133.539,-7.83004
-70.2068,262.455,74.0985
7.96198,370.351,651.305
287.699,-654.063,584.144
-578.621,-223.36,-120.388
60.2969,94.415,-45.875
374.263,7.82025,-500.925
618.914,556.398,518.392
0.687842,329.615,-551.067
3.43091,-417.628,-493.801
0.446471,-191.303,-211.614
-165.378,-310.457,34.2714
-245.692,173.162,611.091
-70.1886,70.8419,69.0104
316.954,-56.207,-306.674
-282.125,-373.164,446.455
314.91,-383.798,-499.248
-277.585,-51.439,-174.181
-100.184,-33.9842,143.265
-389.259,-67.9386,341.827
-248.078,4.90222,114.186
804.215,251.129,163.024
727.627,-284.032,-387.826
-641.145,673.801,76.9216
111.834,30.9662,-19.5265
26.8404,166.302,-214.003
-185.778,-270.612,373.175
-539.974,117.559,637.379
-131.183,275.296,350.421
-174.085,-42.3688,-202.833
719.464,640.719,170.652
-140.038,-301.107,-262.904
-325.786,692.108,-76.8369
-176.325,-164.131,-83.9731
-88.4706,276.893,-405.422
-491.163,509.166,-578.673
156.923,170.085,454.984
-367.899,356.903,704.401
57.0322,37.6723,355.142
-513.065,385.683,108.615
88.6494,-55.9029,277.887
552.638,-629.988,-459.157
-393.767,802.656,-263.276
171.558,-260.76,416.868
-568.786,-512.357,348.222
300.828,163.555,119.004
1.2476,-1.37385,-5.2157
252.882,-121.327,-237.306
-551.636,657.817,-234.207
29.5439,-61.6201,-111.822
39.4659,-55.6496,13.7622
-502.632,299.602,434.004
41.1536,10.7398,35.986
195.487,48.7924,223.454
-16.0389,-149.63,-160.55
-143.22,-251.754,61.6217
-20.6425,-49.4243,-85.1945
157.26,900.452,147.257
-73.0053,-77.9023,45.7636
683.088,-235.436,556.306
-302.919,229.654,808.968
-0.460795,35.5723,23.0882
-287.545,348.976,-364.438
-419.943,548.249,-75.2092
458.39,506.321,-261.283
-224.747,369.576,573.72
-32.2728,76.3813,-4.90699
-68.6351,266.473,374.978
160.595,-271.007,-277.493
-95.5948,74.7616,-2.71873
-2.88471,-24.4044,-29.907
762.672,-456.873,-279.444
833.172,-29.6785,-39.386
148.005,178.605,-241.225
239.157,-289.761,-331.146
-192.527,-728.639,350.721
-82.643,84.893,0.505394
-653.244,640.253,-142.673
428.978,460.36,619.307
33.6365,23.382,51.304
-852.841,-366.467,339.737
445.016,189.217,716.792
246.025,-312.278,280.556
34.2707,380.233,-607.89
-407.223,-315.191,-389.904
184.067,510.868,-565.116
-1.86779,2.15642,-1.08167
74.4604,340.625,-481.821
-394.308,-411.928,133.844
-591.321,-288.419,-297.816
18.4468,31.4455,-58.4259
234.084,429.438,40.2478
348.213,-385.297,-401.218
-454.29,-564.76,-225.208
275.236,122.062,382.962
18.5708,40.8775,-88.0145
740.497,27.4504,-135.311
-440.777,-323.481,-380.61
345.242,621.052,-675.504
-48.584,105.668,-438.246
172.721,116.128,464.678
26.4052,54.3524,64.0749
-201.153,285.53,40.7154
-100.554,-423.66,242.059
325.242,-220.338,-522.881
-76.5771,51.7454,20.3271
172.211,-100.223,143.251
223.812,62.4948,179.393
877.801,27.4405,262.935
-177.948,1.13272,109.514
-147.485,-478.991,-782.812
7.91003,-33.1577,55.6951
28.7467,16.8756,-9.26558
-82.9403,-308.871,-365.265
-92.5019,-12.6333,104.725
-190.129,397.057,98.375
-653.535,492.176,115.914
-207.537,46.603,42.0501
-1.60421,-9.25013,-11.2528
-141.621,191.254,176.876
805.487,-297.804,-331.38
2.20016,-286.523,100.843
-454.897,460.932,413.313
412.666,-359.958,197.845
-687.799,223.813,409.852
-159.681,-149.69,103.605
571.262,-207.92,23.1454
-21.5585,-697.209,176.417
2.75284,199.882,-183.54
199.153,-11.7453,85.8267
-57.1215,35.9869,-42.9588
62.4003,-28.3007,29.675
13.7926,235.245,-59.7694
-261.615,-281.186,-93.6307
346.156,165.499,-46.5233
180.537,274.934,278.721
317.858,-108.193,75.7139
382.499,-805.411,441.11
-212.981,-194.482,351.394
-54.8921,-55.2261,-388.065
541.062,71.7447,270.345
380.183,426.478,499.624
174.378,374.267,176.164
827.33,334.058,-119.013
-29.9798,199.831,98.4491
275.749,258.66,414.725
14.407,96.5083,-17.6553
366.878,201.266,238.623
388.228,311.23,-839.055
343.383,351.155,211.409
145.194,-125.778,741.948
-89.1009,527.587,-216.722
-658.504,-175.02,-293.626
-123.169,153.821,-212.854
9.67464,-0.301667,8.40621
-608.058,-115.009,530.844
-659.764,-327.276,164.177
364.996,-412.996,80.5528
418.342,156.066,671.026
-154.871,617.647,-567.337
-17.3763,437.447,331.748
-97.8844,-186.351,65.2395
-527.443,-19.4457,181.756
299.748,-275.194,-524.78
-746.487,529.448,289.451
412.556,-211.925,181.765
-445.347,-364.083,437.513
-241.443,473.96,532.626
47.9735,-292.384,241.933
295.751,-303.755,-150.862
-168.153,40.6469,-275.966
76.7982,23.8905,-40.137
527.494,400.165,-593.12
304.035,211.752,153.486
-495.205,-17.8907,-47.7244
-620.734,6.90451,641.45
658.255,160.645,226.024
-627.061,305.268,-480.567
-324.073,317.788,198.142
597.408,-410.918,-532.329
-69.7242,-258.45,431.729
-243.134,219.207,-247.775
25.931,-15.9845,-35.9993
703.079,-91.3078,-599.688
154.872,-514.591,734.114
380.629,110.563,593.433
197.24,-111.189,718.393
-373.783,566.057,658.212
-80.4334,-37.6371,77.7038
437.371,70.9316,777.204
51.9929,-153.643,-51.8583
24.1422,-245.95,24.5764
-257.238,-395.804,-520.134
96.003,84.3943,-31.5331
389.472,-571.626,85.7732
-124.339,536.012,287.424
441.227,435.644,-207.77
419.039,215.012,-714.876
61.4029,136.441,114.176
545.424,358.837,459.112
-311.27,218.305,908.046
-279.85,630.428,618.62
-435.372,-545.407,-33.9136
-309.317,-631.067,-656.475
-555.484,99.0689,40.4072
-418.093,528.748,315.008
195.165,120.419,118.953
175.097,141.738,-108.391
-126.051,133.071,159.083
280.595,-295.374,-279.65
-200.207,106.035,52.0191
194.348,-106.124,207.149
-33.2963,391.54,326.91
334.594,-558.784,62.737
-279.136,155.273,-337.395
-526.932,-210.967,-217.922
-557.084,-648.84,-317.271
-508.024,438.171,-366.326
-10.7078,-40.8637,-27.2928
38.9507,79.8542,-12.8524
-3.95775,-116.619,51.1953
572.61,370.71,425.503
126.507,-217.742,140.931
4.67462,159.421,-261.882
149.811,-74.6701,-157.924
-395.455,-508.426,213.918
-85.6967,-487.514,-63.7276
-84.3726,494.294,353.726
-486.639,-273.111,379.308
253.182,579.277,-239.23
231.148,275.635,-570.671
9.8962,-223.964,146.502
264.967,4.91425,161.471
115.299,19.9366,119.65
192.525,-179.294,448.375
598.426,-292.903,194.625
287.597,-419.193,142.694
-7.65516,-234.976,-269.211
-220.577,-196.916,181.352
222.421,659.394,431.269
-350.857,-150.794,278.65
666.294,-248.832,-8.76207
-115.477,-241.749,165.57
9.95278,8.0922,-7.6285
-58.1196,-31.3797,-77.4845
-250.677,625.027,144.742
-11.1399,-156.333,359.511
-92.2543,16.0874,-145.593
251.077,-372.705,355.449
-683.73,592.803,-377.236
94.3347,-40.5826,33.5203
-156.627,-331.059,-208.692
-303.868,139.062,134.381
-86.3106,33.5346,183.067
-46.8117,190.152,-36.7475
-41.5601,-137.415,-23.696
-480.923,496.608,197.679
-90.1548,71.8961,110.101
367.085,-707.972,25.8838
-516.631,-723.017,33.1002
519.541,-432.495,-65.6812
66.2998,94.8072,-54.8014
17.0775,-394.094,-350.833
119.133,-510.986,794.374
157.52,1.50984,-260.658
562.748,-139.545,654.878
56.5679,-11.592,21.0308
266.685,849.783,303.253
36.0348,-20.6059,-45.1172
-334.748,-499.906,176.662
146.245,-170.19,686.277
30.7282,-59.741,-15.082
-613.126,-220.064,-395.66
380.36,-188.873,-720.883
376.552,-533.964,310.767
468.078,374.906,-694.6
-209.766,-234.836,-300.498
17.1285,-334.409,-295.249
114.726,41.7022,186.591
-354.55,404.132,364.846
-53.1425,-282.3,-60.5753
-256.084,-419.307,545.726
-514.318,396.743,-371.907
-36.6897,-942.283,90.8237
66.7433,-843.797,-55.9144
305.234,68.7346,102.725
-183.478,433.056,-55.2065
-109.001,-24.9541,99.8413
-74.9759,-23.6159,-74.9683
-427.012,-398.664,-670.597
-387.688,241.032,200.149
-304.74,171.586,-240.284
-3.12964,4.45978,6.22987
-108.173,-134.765,79.8739
-262.619,-809.309,256.213
67.4882,73.7717,-15.2866
-52.3169,118.651,-93.0614
-132.711,64.3367,-64.6447
147.792,374.958,-322.739
526.034,531.116,242.284
-0.800116,0.57051,0.718701
159.379,117.808,4.3304
129.979,-164.51,195.341
-71.6068,-42.5885,-222.434
-464.571,-81.8924,-477.961
-15.0492,19.6864,6.74066
-800.931,321.982,-291.631
502.356,-273.471,703.33
-159.593,-32.7515,-424.279
173.785,-336.771,-803.701
66.8306,-141.459,133.825
170.77,53.5003,-840.21
490.118,519.48,186.082
283.832,-715.458,-278.679
457.563,-521,-156.26
-152.429,301.127,289.605
3.36965,17.563,-30.509
-189.592,523.252,321.906
255.621,-359.49,-498.048
139.679,694.517,298.984
-663.521,-197.143,75.6723
504.505,595.748,351.46
48.2091,-155.944,269.977
155.503,111.749,-189.375
274.019,-266.533,509.857
-221.215,-435.369,107.2
-137.562,111.613,151.273
-500.032,164.38,-28.3642
-48.0357,-229.842,134.427
-306.206,-364.718,-436.313
0.673408,52.0142,-953.336
64.3853,8.03639,-3.26513
408.761,-97.1121,-418.407
-409.371,214.921,-652.447
-266.613,-245.885,-35.8327
268.179,88.6255,-232.272
-163.552,103.807,33.7068
-63.2316,-49.3619,35.5349
543.001,-585.273,54.9622
90.8778,660.205,-84.0575
813.171,-169.669,-130.48
-94.1881,87.3293,-89.7903
-229.448,675.479,99.3498
-22.5809,10.3379,20.6449
363.319,-264.9,16.29
137.646,-47.5838,104.643
-414.632,232.659,89.4563
-351.327,-655.858,-33.2101
140.967,203.969,82.1116
-282.007,267.844,-204.783
190.129,186.001,-424.896
-137.25,235.243,-148.294
284.414,36.197,95.9515
282.619,67.5767,118.24
-94.3667,-164.873,361.696
669.875,11.698,535.731
13.8505,43.2828,-53.7371
-685.916,-400.49,91.7373
185.256,-198.762,539.68
67.7559,-69.5413,-44.373
-137.366,751.066,-233.751
600.424,233.98,16.002
-1.257,-65.575,-45.2566
222.898,537.251,-384.582
50.7553,-152.748,-139.815
-70.906,419.39,293.178
194.078,243.78,318.181
108.252,12.1654,46.9023
-79.1125,-55.3752,135.068
484.164,377.808,-42.6081
-53.5609,-113.638,-124.222
-213.787,86.7826,-198.675
-43.0246,3.88528,-18.4347
-436.392,-178.29,246.591
-491.549,-439.768,301.304
171.776,-103.797,-96.2672
391.773,218.598,651.963
12.6861,6.8543,3.4858
412.1,-39.1371,-175.02
750.681,-391.031,196.025
-34.3372,-171.601,-398.078
538.333,-505.685,-234.935
0.0950291,442.411,382.505
194.732,19.6137,-345.344
-276.433,352.712,-470.836
-111.096,342.348,-297.327
171.11,102.477,77.5522
130.404,5.06563,160.754
124.52,64.1785,-95.3245
634.748,-141.724,80.4902
-40.3464,112.523,-51.7424
1.72997,405.926,669.474
77.7528,-14.8523,-52.7425
419.484,597.416,570.821
228.905,362.958,241.632
666.139,379.194,-421.117
-506.535,-290.875,-144.34
-226.312,-443.123,-674.285
529.021,223.536,-535.744
-962.078,-242.412,-97.4397
-11.5632,13.1008,-13.4344
-284.417,88.2689,73.0186
-538.49,-69.1503,-392.134
-3.84719,26.3034,-26.2363
-28.8718,-397.833,259.935
387.913,304.748,-530.372
-200.118,-721.625,154.388
-120.49,-247.448,338.405
-96.5409,-343.007,99.2272
330.354,313.348,-285.758
2.39391,25.6925,-82.4791
47.9043,474.756,633.114
589.36,268.84,119.638
-207.929,13.3101,48.4487
15.054,404.32,-308.424
143.825,-150.617,-421.241
281.058,-48.0959,-230.709
70.4561,480.025,419.379
-409.983,-677.413,388.692
100.756,12.3745,-72.9905
-22.3139,12.3694,13.8705
-451.588,295.165,-75.367
-23.2464,40.8837,-48.0939
340.692,369.442,306.727
-69.4745,-54.2957,46.2111
-101.755,-692.443,444.929
19.4156,-553.524,760.617
-163.634,138.86,769.321
-7.3207,-48.0509,51.0621
192.42,476.148,-586.728
-499.863,416.45,-57.4255
164.105,-34.414,-502.892
-321.919,-86.827,435.854
171.449,-116.904,-222.397
-47.5789,-101.527,-43.2202
-199.482,151.589,65.2077
403.105,339.758,452.036
-407.237,77.5355,7.90409
-8.06747,65.4367,14.6898
-0.0608411,0.690828,-1.97452
28.3633,227.758,-135.714
-172.812,157.633,-189.528
-258.708,-279.588,-88.9753
-732.414,371.159,-527.989
223.55,568.287,478.083
-169.453,-206.96,-178.151
20.9194,-31.1976,34.4156
-440.561,-431.438,-313.827
15.6504,28.8828,85.4931
252.987,174.929,192.926
-648.921,530.339,-70.0864
-70.7066,219.606,19.4414
16.2827,38.0747,-310.257
162.628,179.136,84.8454
-708.868,446.295,122.928
-124.881,113.459,-151.863
114.675,244.477,109.248
-151.988,629.117,26.6959
352.371,-363.644,149.147
-149.433,-521.914,408.041
119.078,233.102,229.495
-617.5,359.501,279.022
-12.6396,7.03279,-7.4993
-562.129,-582.459,532.435
-196.206,156.166,927.118
674.633,-456.541,232.14
348.812,-380.469,312.709
67.4831,-165.344,-176.052
-9.18444,-23.0576,25.3571
75.5124,856.142,483.177
68.0859,-159.445,-410.973
485.13,-264.702,-442.296
-512.33,434.227,-184.163
36.8947,-28.0317,-20.1809
134.65,92.1437,-689.195
44.6795,172.731,-141.41
535.738,40.6938,726.665
10.9719,91.8109,51.2853
-174.911,140.026,133.794
-8.9108,2.27182,-12.7212
97.0722,264.958,826.962
186.31,422.671,-304.559
495.145,-477.223,-44.9222
-462.346,575.149,134.176
-347.582,210.749,-526.893
83.5456,-67.9508,151.679
-38.898,78.2665,125.096
-166.873,-127.46,139.815
-596.775,218.231,130.273
105.36,-409.737,806.936
232.222,495.18,629.403
-1.87384,-18.4052,5.18436
-443.143,-747.041,156.605
440.628,-66.6596,-410.952
438.14,17.4663,-143.497
153.655,-776.155,208.435
-549.025,-610.58,489.694
-442.087,766.972,-361.18
339.923,480.634,-509.897
87.1913,33.034,89.2383
486.728,-25.2517,241.085
111.571,-108.382,-697.842
-362.811,-282.808,436.521
107.482,298.888,-418.683
286.477,34.7557,-724.612
-448.268,576.782,-568.783
-582.5,-576.113,-449.157
-1.97366,-17.6183,30.9036
2.5239,534.294,127.478
14.8833,-34.2672,-5.41738
-22.472,-328.595,-273.727
-891.641,-52.8268,317.335
-21.7262,-18.7517,-24.3639
0.776918,0.363968,-0.693409
-471.966,163.121,-69.7001
676.783,-363.386,12.1069
207.753,-323.633,118.12
-131.371,-72.6845,68.5294
228.184,-204.345,339.107
142.967,-213.213,-65.6377
-219.633,-353.914,-329.546
629.347,395.589,638.371
152.982,156.772,159.498
452.654,570.129,444.751
9.85665,-17.3523,-7.41079
242.074,912.456,-6.08502
-39.1804,-6.65997,1.18113
-77.4942,-360.545,-564.382
0.858195,7.10027,12.158
61.1522,-68.4212,-82.6325
-6.74608,15.1604,36.1291
82.2914,220.68,17.343
-15.1346,-322.682,-237.701
73.0305,-521.319,409.506
-271.869,36.5523,-718
-562.809,-586.637,167.49
67.9499,-75.3197,237.621
529.478,495.835,-503.916
476.024,261.889,-544.289
-540.438,-176.206,-196.34
-701.474,-156.002,-586.696
-18.719,-9.99629,-12.1421
-365.238,-352.057,-276.168
515.053,423.204,-388.538
329.015,-60.7078,-559.073
-38.8465,-71.4107,67.093
43.2421,8.04229,30.0952
-712.971,684.982,-0.386115
97.8791,820.284,463.394
-305.213,-355.348,45.8234
466.401,259.389,-203.286
-173.388,-214.287,-167.969
433.627,-252.521,455.125
-287.662,269.072,256.743
-664.819,633.204,-383.815
88.287,-906.199,-217.782
-535.903,-488.305,166.809
344.58,-169.105,525.087
386.972,98.3726,431.716
-57.5212,-29.3159,142.086
164.983,-150.453,87.8585
711.017,-181.157,-334.575
44.1112,-260.061,273.606
6.52998,-63.1439,55.7222
-498.758,265.376,-368.575
273.945,404.43,600.84
52.7346,110.986,-62.2805
-136.299,365.476,-699.257
71.1972,177.368,171.235
266.286,-177.517,-131.681
-300.321,184.766,464.032
-39.8319,-38.2965,8.50006
497.184,10.9223,329.197
150.86,207.761,-148.946
-197.316,-701.489,-385.896
-483.424,177.404,-184.419
-107.205,-45.0565,15.2292
181.827,168.848,15.1962
-137.152,-609.706,30.9401
82.9456,129.092,209.128
235.031,-492.281,-732.394
-464.725,-552.958,-303.811
-195.966,-59.6337,468.025
29.3046,-463.13,266.469
237.868,420.65,519.076
-648.912,232.895,-125.143
-25.8232,-97.6993,111.505
388.07,-537.941,-530.16
-178.069,-196.322,239.943
-270.53,115.633,-395.923
195.404,284.121,564.616
383.2,-74.0368,-271.522
-126.033,37.4435,-110.242
-117.137,-138.898,-160.153
-116.937,-92.4823,-71.796
-243.224,28.4218,-334.252
168.539,-54.937,176.062
-316.842,288.432,-392.628
-53.2071,-174.507,-106.92
-280.857,510.881,522.357
-43.9957,-529.539,671.871
-37.8877,229.441,145.721
-205.171,156.353,-436.147
-19.1009,229.432,-42.4777
-270.453,-249.391,143.829
243.408,103.504,357.622
837.932,-17.7894,-42.2129
49.637,-576.873,-104.417
-242.201,-20.612,253.677
89.3178,-14.0277,-19.5189
-86.093,794.757,-61.0902
-228.425,275.177,-233.726
641.255,636.89,153.829
167.111,113.331,-290.379
431.182,503.258,7.63039
-50.7959,-172.76,536.809
-21.5072,-2.59416,-63.6134
303.419,-61.1187,331.06
650.616,-62.4923,-125.738
-329.956,-217.912,846.557
-368.437,187.239,262.371
-16.002,43.0527,6.21703
24.7479,-132.71,-773.971
-249.43,264.581,315.549
-497.911,-531.704,-247.38
457.285,-185.896,188.373
-12.9555,473.921,751.725
-7.80065,-38.4259,-42.2172
151.532,338.273,-252.518
-359.575,-545.63,-405.38
613.207,569.733,-81.1033
-671.062,-159.679,-117.365
14.5558,2.29115,-10.0636
65.0934,26.5845,-11.0968
-321.845,-229.372,105.825
120.037,-78.3077,-91.7887
-399.416,638.081,-29.9497
576.977,-566.554,-364.216
433.738,412.145,-685.403
-9.51753,-110.371,-82.0853
-666.58,-372.707,234.732
214.5,-197.916,-597.427
215.685,46.8232,41.3675
-657.721,-314.448,613.274
-110.68,466.362,606.741
-37.1452,-530.537,328.967
488.444,-189.902,398.2
-254.833,-268.424,907.899
-168.108,-50.3764,162.971
319.077,259.446,-280.235
-491.271,196.646,538.936
344.313,252.235,283.639
319.307,18.1865,-371.299
-267.715,267.975,-6.13953
59.0088,-81.9687,-63.3736
125.223,117.326,71.2643
-0.101318,-66.9917,310.224
-180.042,75.1313,193.847
10.9051,-665.036,86.3065
226.341,284.205,88.0394
212.529,515.236,351.648
-48.0756,11.7772,50.0199
-33.4745,514.878,336.838
161.154,441.118,359.265
-318.644,-290.605,-138.631
119.057,130.952,-134.342
42.2519,378.916,335.234
-119.869,682.402,472.379
-56.7016,-361.642,-206.516
-617.692,3.78179,-405.723
438.132,467.493,-379.458
186.006,199.644,96.8521
182.268,-358.218,-113.402
-193.259,-248.18,-20.4968
-119.592,-86.6707,183.379
-71.2462,-593.803,116.278
119.928,14.5382,142.516
-111.805,589.799,-412.42
-144.431,175.693,155.765
-26.3544,649.572,-697.762
-272.294,-120.174,-86.4186
67.0929,103.921,-86.6172
255.347,253.613,280.603
-12.9041,459.217,440.019
39.4567,-46.249,-37.2592
-157.973,-221.401,107.57
-410.625,369.252,-219.609
956.216,60.0765,104.581
-612.505,-370.26,442.081
-483.924,294.049,-97.057
458.93,-16.5263,406.115
203.291,-28.2298,-267.383
-125.654,-241.842,80.6605
470.509,183.391,-685.301
216.336,158.391,30.5832
-275.884,925.159,256.265
-20.5835,-22.6197,-25.6068
-474.406,-544.535,-432.462
-121.071,-76.3502,-76.9727
93.3294,-538.903,395.601
560.954,22.5902,-433.707
123.609,-152.901,5.16356
-23.9629,-2.49616,39.2728
42.3124,-28.1424,-17.0419
-537.752,-311.078,438.376
309.315,-88.0702,-380.955
-237.972,176.813,-332.99
331.055,323.281,-346.24
76.164,231.385,178.39
-130.508,6.78836,-104.346
353.093,22.971,723.51
-432.777,175.177,-41.1839
-240.288,75.7483,-208.57
312.564,-227.58,189.804
-784.176,33.8637,571.482
118.196,-617.264,-417.79
24.8699,58.5533,196.59
-31.165,-32.3793,-18.5796
584.403,-98.2629,-60.8946
-496.229,200.718,566.254
-540.67,-474.052,-168.012
-46.9133,510.038,-556.458
463.876,-106.397,-354.82
-183.078,174.137,-291.946
262.522,511.296,-233.878
466.257,-252.509,-132.635
-108.956,-187.389,-10.037
113.377,68.4606,-79.5197
124.477,-111.744,-86.3788
-210.384,-192.27,-11.5146
99.3728,-5.85437,-70.907
-11.459,107.069,52.2784
-280.441,329.088,-52.2128
447.023,-9.36461,332.888
18.6797,-318.055,-338.702
-265.756,-273.749,-313.995
-241.946,-130.158,158.204
66.103,-113.109,195.531
-23.1084,-453.519,429.997
-269.033,202.685,423.701
146.414,-143.884,-134.125
774.062,-170.85,-294.128
-533.762,438.39,666.275
-197.059,58.7202,-162.074
-47.0519,-16.4466,-170.011
-437.794,-142.949,-677.923
-620.113,-386.224,133.193
-183.943,-51.1757,279.957
-50.2394,35.9375,38.116
219.452,-346.416,357.654
283.65,84.8978,-112.748
-191.53,-241.62,-74.1872
-265.473,91.4097,177.989
89.0241,-104.966,-270.616
78.6682,30.0359,-33.6491
306.746,-82.3162,-847.375
-697.132,135.133,575.503
710.657,295.306,613.35
-13.7398,6.2766,-19.9835
296.233,498.352,-564.22
-280.258,-250.643,-139.704
16.8349,230.22,-154.856
908.83,-130.712,-262.174
-186.356,475.863,-175.95
147.935,-167.415,97.9376
261.442,302.225,-191.352
364.507,338.616,450.754
-48.0449,-75.1279,89.3271
215.347,-119.447,389.319
-540.852,498.214,487.9
-277.501,290.31,-38.8072
-28.4018,-168.613,248.671
-42.6899,307.929,-188.398
-46.2254,-41.2238,85.5639
-309.467,-89.0254,-184.565
80.791,-87.85,91.4322
47.369,-29.6907,-8.91981
202.536,264.948,-347.007
683.446,-566.364,300.524
493.642,-579.324,49.9955
76.6262,-204.699,46.933
-242.213,-542.304,286.846
-623.016,486.865,-447.625
88.0991,-15.795,-94.0517
-138.544,150.269,416.727
-292.313,238.57,-578.388
-350.949,773.014,161.242
189.326,-236.092,-292.924
-46.547,-100.877,215.659
-452.596,-733.85,-253.467
-148.127,-358.189,-165.714
-41.0029,96.527,89.3935
-705.481,-659.523,-47.7169
346.186,338.679,-213.596
-107.022,-119.879,-37.4152
-105.554,-136.393,-237.691
-121.266,177.407,7.17807
143.88,-100.333,9.4279
-446.076,26.3318,100.492
223.191,-338.741,-407.871
19.2852,-15.8096,-31.7977
-670.883,-222.162,-511.457
167.192,272.142,-492.4
764.948,10.5132,-150.663
-149.838,228.311,-180.039
-101.09,90.3278,128.119
223.849,-7.34374,236.369
-752.801,313.731,-532.296
165.542,-267.777,200.287
83.2291,-53.1677,11.0784
147.196,-78.2189,-167.61
-65.535,96.2245,-276.177
698.05,249.38,397.607
-232.539,-21.8008,213.293
124.058,-26.0665,-433.138
2.54516,151.473,-197.366
-48.9359,25.9809,44.634
110.343,-346.481,-552.555
20.2442,-612.659,-449.644
32.9267,-21.2552,21.5556
397.216,685.23,560.518
-112.055,-89.7377,-287.867
-189.565,206.793,-360.721
-312.045,-349.531,-8.71991
-273.3,-280.734,-26.386
-14.3612,-4.54886,-50.5679
310.585,-160.896,740.359
-250.322,424.9,-394.666
-196.904,-20.3804,-355.474
-44.2086,-15.6917,-40.8622
-143.262,-137.937,-143.267
-45.3115,130.801,64.3871
175.244,-463.032,307.524
-58.9552,-164.87,-101.449
-713.296,-73.11,-650.152
-233.815,-397.333,365.818
512.793,544.539,328.781
-562.99,315.383,-711.805
-535.891,-435.656,601.807
70.038,-55.9622,-191.53
-47.677,-200.803,594.962
-173.798,-494.881,249.454
105.11,185.021,-7.97315
-86.5426,22.8702,69.9872
-614.102,105.828,540.388
-144.007,-125.631,-86.5115
600.171,-611.937,-342.334
-88.173,-41.996,13.8946
10.3514,4.68435,9.76283
-26.6716,38.6531,-8.31331
260.31,-262.467,322.475
-296.785,619.226,417.024
729.289,-550.995,-124.344
-87.3329,97.3628,105.854
-84.816,-535.947,510.741
-379.776,-129.23,164.979
272.061,31.3892,38.5894
226.863,636.02,593.129
438.609,804.078,92.1008
-377.458,401.195,-88.671
504.102,-182.602,608.74
672.113,-614.574,34.3579
-78.5703,324.903,-265.001
-899.971,-86.2651,-325.089
9.79733,-18.3519,-18.5636
162.852,91.2509,127.697
113.418,322.201,-135.944
199.424,-487.268,-45.5929
165.855,-584.749,556.128
-160.527,-450.762,-493.171
251.865,-266.63,-193.449
167.267,10.2257,129.626
-269.801,175.219,130.437
402.786,-563.194,553.984
-266.208,-216.642,98.5957
-314.339,-394.114,151.991
-95.2534,568.156,206.849
68.5069,20.5603,-710.803
-94.6016,-532.827,490.958
102.055,-328.251,892.385
-96.8406,647.75,-191.093
63.4964,442.347,-202.06
58.8941,-64.4576,-58.7803
-553.386,522.608,-127.272
285.444,-142.808,-235.785
370.485,-9.12003,-874.272
-2.16341,-39.4815,14.9902
-358.837,-428.467,375.828
-786.681,-479.632,56.0418
-279.407,0.913562,298.454
190.997,551.401,476.509
-704.114,-220.871,454.239
-407.67,-547.639,674.425
-24.8316,-612.545,-126.461
574.314,51.2,104.756
-200.981,13.2083,328.269
-76.2967,85.3755,-77.684
-7.39319,128.828,-41.6391
-8.25381,13.0361,3.93962
72.8491,-54.6361,-61.6534
322.458,-465.859,99.3005
437.315,-440.184,-478.812
-575.63,316.73,-471.071
233.678,92.7171,223.089
274.938,-223.293,-31.3025
133.787,-22.8229,192.437
6.43387,0.884136,-8.15481
139.411,-551.884,-460.137
-498.514,616.178,-282.466
-5.75175,-115.347,-56.7761
-306.747,-196.916,-335.322
152.485,153.585,98.1763
63.4311,176.284,-15.2684
-10.728,15.7227,18.2516
57.9066,-610.425,-692.724
229.059,176.393,-414.074
333.933,556.854,2.4037
207.247,79.1687,681.32
34.5837,221.353,120.936
-619.07,424.252,120.542
45.2108,6.64003,-56.7837
-317.299,-432.577,152.309
-407.986,-556.818,-584.397
120.363,-240.098,-254.858
-4.3713,124.957,54.8172
93.4087,45.5933,24.9051
67.311,-183.833,-236.734
100.77,-26.0532,-123.297
0.341148,442.577,-358.476
-429.626,-734.447,386.446
-269.273,330.444,-256.286
530.475,-271.931,-140.205
-271.012,59.9425,-198.957
74.2416,-158.529,79.3195
0.988931,-305.812,-346.193
-158.212,-224.382,241.968
31.439,-7.48527,39.5521
-146.931,-30.0036,157.869
-393.72,-346.313,158.435
192.378,-71.6121,481.669
45.4078,-686.716,703.23
-110.686,-169.302,227.895
-155.236,-72.1942,-151.883
12.2831,-50.0775,-58.0617
-601.355,237.589,681.222
-10.8573,202.793,-763.749
369.245,439.061,522.702
-29.2608,8.23777,9.27593
-15.5068,-189.885,-266.316
-9.50881,80.6175,-81.1729
-204.894,381.334,-527.431
192.832,-39.9512,226.561
498.579,359.925,-90.7239
596.588,163.383,547.252
147.359,168.724,77.5863
-30.6499,-18.7616,-114.244
-428.827,376.998,199.308
-458.2,-405.456,-531.586
-419.787,360.044,61.7111
-197.568,-746.331,580.006
-764.622,-75.0898,26.7676
161.011,-60.069,-135.517
-313.438,-614.131,76.9408
-230.926,633.123,701.438
2.69398,-5.91539,-24.2421
-697.514,477.122,232.631
276.277,608.068,38.5029
-170.104,-258.434,-181.944
552.591,365.95,-332.554
-43.0029,-17.0672,-121.18
-243.406,240.925,33.1808
-214.971,-225.723,-142.568
263.612,-410.872,467.263
-85.2553,-118.58,157.749
-89.4042,244.332,-328.931
180.546,-221.589,408.194
125.249,-174.74,-142.111
-12.6279,-273.76,207.718
364.608,138.504,-302.065
-46.5219,-69.0807,95.9271
-312.189,-582.63,-416.131
-41.9158,-39.9436,36.858
96.6145,379.028,895.733
491.728,429.618,178.547
703.304,-174.94,203.684
76.2534,287.29,29.4176
661.936,-36.2228,-450.271
-50.4716,71.9032,65.481
140.142,-108.191,147.659
-120.538,-71.0271,-282.344
162.961,330.062,155.087
223.949,-158.204,442.833
494.823,-307.75,499.586
-25.1665,-139.205,-225.984
-234.176,-380.963,312.909
500.317,-80.3172,-551.522
-77.4199,-144.264,199.508
66.981,273.168,-321.234
-869.558,-373.889,92.156
728.781,300.971,-559.338
251.067,-523.546,546.834
-158.205,-454.953,16.4335
-204.053,181.2,173.183
-75.0349,-196.012,239.418
-407.427,93.9443,-449.776
-377.91,-74.2837,-270.783
-97.2315,-673.265,441.598
42.4314,-10.8189,-33.9111
-53.0213,-193.723,-129.728
-196.894,206.129,-74.8563
96.1486,-55.0079,2.54707
714.704,-49.0955,-664.777
-263.031,-290.219,353.702
47.1915,68.8166,-97.4243
-420.888,-357.939,168.179
-158.218,302.655,491.152
435.087,-151.333,162.858
-213.858,-507.714,5.10791
196.61,36.5056,-53.3498
-309.433,216.145,-68.0343
3.90412,-45.4301,36.791
74.9138,173.53,-40.7121
-2.12672,2.99607,-5.3096
413.957,-409.832,-404.234
-176.534,-96.3992,-92.1087
-398.437,101.828,-473.493
283.901,-227.326,-29.4111
-338.782,49.2257,56.9017
263.112,-347.586,617.505
237.818,-147.799,-222.369
-538.732,-7.60845,-731.365
-59.597,95.2923,-78.001
-433.827,175.761,664.654
-15.3782,-101.364,195.582
-99.0117,556.437,-29.0751
-347.497,-409.746,-498.857
17.4038,-3.01112,-8.76378
-499.52,-298.277,495.193
-195.231,663.008,658.103
257.141,110.101,289.817
512.745,231.788,-328.234
59.5916,-205.554,613.492
-524.188,-7.57405,-52.9792
-367.097,615.854,179.995
536.79,435.079,90.2611
353.762,-35.137,160.596
-3.58875,6.57385,-3.52139
781.829,80.3714,-371.593
-128.452,-69.3087,-254.302
-60.0163,66.3849,-47.7798
0.654616,1.51732,0.90322
-46.0577,-483.116,647.928
-458.576,3.36966,131.322
145.55,124.98,90.0069
16.8927,233.752,525.636
15.9044,302.117,-115.19
2.0356,1.90566,1.96438
143.111,-219.324,336.317
487.237,824.311,47.665
169.429,129.228,410.232
274.832,-246.358,-157.788
-425.288,-554.701,-406.593
-401.486,-28.2002,-70.4803
105.623,89.3044,80.8837
-471.897,77.9816,-142.194
419.528,144.53,-49.0666
-120.268,-18.7578,-115.24
-483.494,89.0324,257.255
-369.787,-631.626,-673.477
130.295,-188.681,94.5538
37.3037,-6.9198,38.9934
-697.125,-141.606,-203.38
851.875,51.502,-293.14
297.25,-345.233,-179.721
24.6174,28.6607,-16.3562
-90.6121,48.4009,26.6724
130.914,918.979,193.636
171.802,-692.292,-520.349
486.683,37.627,-585.308
92.1861,467.334,243.401
119.482,229.882,279.96
-186.964,-101.419,-109.873
-261.386,-108.355,817.037
-110.121,126.567,-148.725
-422.791,187.484,-359.522
-31.7258,-2.65775,-89.446
488.889,46.5982,-333.925
406.311,-14.8402,-434.024
95.8956,186.369,-45.1131
153.23,-88.0977,353.228
-178.436,-110.572,-30.8432
-402.664,-392.718,-468.522
102.414,-44.0974,56.7681
-494.815,87.393,348.184
7.96417,-13.5066,244.043
-166.219,-27.4801,165.733
-156.769,401.3,-375.533
-396.426,-533.141,-527.846
-90.3096,106.565,-51.5524
-196.743,-167.637,-129.679
-52.0759,-78.2145,62.7454
-323.446,279.639,433.944
-196.102,-538.996,-141.625
30.9231,23.7884,41.1784
677.61,202.433,156.02
396.352,339.732,376.638
150.455,-8.06049,183.115
196.094,227.451,264.207
-392.878,-836.518,50.2633
278.206,109.46,22.8044
-73.6039,247.298,-749.606
-27.1701,-59.4703,-9.15628
442.616,118.988,442.329
224.902,-628.474,282.956
-14.9981,-27.9899,256.382
-293.663,268.005,-298.336
315.072,673.461,232.395
294.898,272.276,274.368
-160.707,-460.867,11.3002
479.61,578.751,649.742
297.268,-566.513,-420.007
-4.98973,-14.2099,19.1341
103.755,517.141,676.507
14.4408,21.2419,60.9244
28.6221,31.3515,59.4887
-677.242,402.264,-55.3623
112.556,603.594,382.396
93.8918,-72.2,-247.17
674.364,469.767,402.422
-457.157,-585.668,-347.005
-295.37,50.626,-465.553
847.768,-138.576,-273.292
-486.037,164.839,-70.6955
411.87,614.821,-226.298
-430.817,630.84,135.57
-180.84,295.57,-209.806
395.802,-16.5312,95.6848
77.5015,-410.24,221.945
151.655,152.733,153.943
173.535,-81.7218,-737.45
-44.7463,3.76945,39.1635
182.141,181.79,26.6813
535.57,-430.127,305.084
777.669,-123.22,-85.9612
-83.0633,-75.9525,105.34
-345.319,415.037,87.6387
316.227,-94.4536,385.929
833.643,-246.83,26.6076
478.659,-291.151,61.4052
95.8767,60.753,120.465
-87.1462,112.324,474.987
91.0043,-16.8508,116.267
138.104,34.9123,23.1719
-368.187,96.1783,336.457
637.253,-106.062,288
-252.575,488.887,186.451
775.13,446.7,210.092
-25.0183,-27.7671,46.552
-240.134,503.258,-614.731
301.236,-117.329,-209.083
152.102,-140.351,-634.077
426.6,375.634,454.513
-411.694,-420.262,-427.285
-419.005,349.473,328.774
118.855,434.345,500.846
513.012,306.954,178.866
-70.3531,94.8967,88.0082
-157.719,275.636,485.083
475.864,-14.8353,-184.774
-77.2658,-397.744,-190.864
9.80641,11.3843,-9.90971
27.7097,-111.213,4.74193
-243.683,-233.841,-563.643
15.1234,21.9098,28.2804
157.526,537.892,-334.516
-463.864,-416.154,323.285
267.506,-238.081,-69.8224
18.3128,8.40263,100.594
-477.872,-303.087,399.521
-243.91,174.17,118.404
-17.5385,573.887,592.465
-221.165,-343.888,44.9722
-370.484,241.779,-397.135
-73.5323,-709.57,688.917
422.665,506.613,119.63
-441.97,-424.098,411.423
-191.985,198.799,26.8973
290.282,232.489,-251.422
774.228,-177.269,577.217
-211.661,502.242,554.993
336.431,502.379,-496.272
326.533,492.954,-802.786
-526.724,-493.747,541.323
283.223,-20.3257,-166.684
545.018,-238.414,-135.246
-297.483,239.42,-126.013
397.46,-491.365,-502.656
328.671,-642.075,57.5436
-368.491,20.5183,-497.957
139.494,164.889,213.291
-57.925,91.7685,-101.3
-76.0251,222.86,221.738
-55.3783,40.0935,-22.9327
-477.283,366.493,311.773
-50.8743,-81.1589,55.2788
568.633,309.265,-656.67
288.911,125.656,-805.427
51.9846,278.4,282.589
-53.3418,-31.8788,49.5327
108.533,-460.166,214.42
163.481,36.0372,-172.048
58.2382,177.577,56.8665
-213.276,-68.1147,114.224
-5.03734,-62.2301,200.239
245.072,147.703,-57.8056
-169.799,306.952,-747.762
-459.429,460.778,249.688
273.593,-86.9639,-248.349
233.349,215.829,-51.7551
193.044,160.32,144.186
-503.706,56.5927,83.4114
-357.052,-532.055,507.953
434.035,-406.863,336.97
24.0801,-107.086,127.367
-2.34106,-7.13982,6.99621
-286.991,544.163,266.273
-203.077,-547.386,-549.407
-40.1244,-35.0663,90.9736
-302.754,369.852,594.51
141.296,-3.5638,52.3388
467.724,-256.931,-457.495
345.262,-248.829,266.651
-160.603,281.195,288.679
101.017,-156.608,217.19
-234.029,-263.403,-256.879
28.3959,126.658,-98.06
412.508,505.784,341.093
-136.064,206.316,-313.923
-88.3322,-82.0556,62.9936
345.538,83.7497,-378.736
-444.037,-644.481,609.222
-459.538,387.37,544.232
-150.454,-338.369,-126.832
-358.96,-391.259,-615.513
90.8724,4.53399,210.436
-351.641,31.1714,-396.48
-422.104,160.734,15.233
-398.909,284.776,-389.824
-62.1718,101.33,-107.204
35.0526,-136.279,-117.4
-31.6452,-243.562,231.119
70.701,-106.406,704.059
151.985,212.038,155.982
-112.123,390.033,-431.977
-165.23,-66.3008,-81.7618
-101.504,354.59,74.731
-415.804,26.243,-188.314
27.8668,302.611,114.258
61.3692,-146.69,610.906
264.867,345.854,849.805
-110.379,441.991,-413.991
-307.29,-314.076,-61.6094
-116.675,-86.9599,-90.1568
5.33995,-7.87498,54.3411
154.747,-21.1498,140.215
370.196,-474.397,-593.683
-130.29,271.637,-262.961
-44.3844,25.295,58.1279
299.465,436.407,-282.085
379.925,22.3236,-647.665
-220.065,163.697,127.664
-101.956,-71.1866,52.8736
-53.8112,-48.2671,116.531
-322.098,-392.125,237.449
260.371,-89.199,-76.277
-137.042,-43.6368,370.817
69.2803,84.3611,287.581
-105.446,485.645,-316.474
-62.2927,7.41888,104.495
-117.181,146.066,-31.3686
69.6206,2.99962,-51.2992
7.26088,221.296,-249.382
-724.769,266.874,-600.852
-637.23,-242.695,559.69
-234.925,-176.714,-265.736
71.1265,-185.991,-697.236
-691.226,672.363,173.346
67.458,661.886,-38.459
-270.522,-53.7125,369.579
-281.595,515.863,58.9657
-15.6998,-307.617,695.954
30.4512,13.4682,36.5489
298.109,-111.658,67.6044
239.77,-179.693,630.564
-579.536,53.0526,551.373
106.07,-114.737,-103.48
-103.436,41.512,-28.5852
-232.293,-74.3732,-238.804
-248.535,-118.816,192.228
-135.805,50.0705,-89.7876
-120.433,-15.3578,96.0827
-419.339,297.979,810.477
245.701,848.111,290.292
185.319,-275.059,47.1488
478.531,-392.366,447.946
-252.454,337.207,-352.471
27.8248,-24.4661,-58.6612
143.662,-22.1759,-100.528
-48.1917,-2.36562,-25.3404
-443.671,273.218,317.465
49.0904,-32.0101,-7.32193
74.3368,-335.609,-204.42
40.9306,210.898,-259.766
-310.606,-204.559,120.24
134.346,75.1991,-357.167
-137.531,86.9075,-711.629
-435.915,-87.3484,-457.981
45.9301,102.822,-20.1704
29.1345,-59.7091,1.95704
-100.942,-90.6449,154.673
79.625,11.3091,35.504
-378.969,429.288,499.983
139.222,-144.628,-125.563
-151.263,-343.892,229.703
-456.931,320.928,727.508
75.0065,-104.24,84.995
351.182,-61.5089,-282.909
99.963,-349.223,104.714
-283.745,-823.935,-481.524
-443.041,-12.2396,-300.823
-437.842,-102.873,-134.735
-317.843,-74.6979,-278.951
261.341,-445.344,737.974
-197.635,-76.585,-433.839
-717.006,605.072,-221.667
-530.562,-714.084,74.6827
-58.3059,-227.668,-165.054
248.888,364.072,-558.167
-561.354,-325.344,381.032
-71.0184,302.956,208.304
92.3974,-71.1309,-29.3103
376.603,273.256,817.045
-475.336,387.621,681.475
-623.118,439.044,-610.764
169.503,600.793,677.906
-756.55,362.939,-387.146
3.82135,6.64099,-46.7535
-171.866,-26.9322,237.119
261.21,34.2836,-520.179
3.69178,6.00646,-20.7538
-274.792,-173.444,-518.889
-512.839,219.758,400.639
-367.521,-39.1826,-290.346
-228.702,177.58,-304.58
-618.645,114.003,-345.303
151.641,-618.67,112.65
46.9804,-155.433,347.522
-121.238,-106.59,70.241
-445.095,577.842,100.662
619.949,65.1589,552.268
-90.6762,32.3786,727.643
-168.895,247.284,135.741
289.989,458.898,430.807
480.46,-133.309,-67.6396
-186.345,-207.382,406.892
-216.752,-440.401,-657.569
-6.00075,-2.15403,-2.46827
-430.685,-599.336,505.485
88.5289,-583.253,98.2879
382.321,442.376,302.82
389.6,178.551,219.317
218.718,222.879,155.704
-104.977,287.411,747.512
336.648,274.518,286.439
256.724,331.904,-109.561
432.687,-739.091,366.409
620.404,-64.4212,299.512
-283.44,281.918,279.995
19.9731,513.964,-523.893
-34.3192,39.1924,1.56035
11.5853,8.08886,-27.1702
-397.356,559.388,284.556
-62.7805,-3.68037,-69.195
-469.167,477.934,-244.07
-110.031,76.6839,-296.021
-652.693,-304.179,243.285
-131.16,345.883,-903.336
-3.00576,66.66,-51.3629
-392.657,86.9943,-527.779
66.8047,303.55,-226.273
-53.5222,48.5923,-15.7187
-95.0351,272.752,189.879
127.541,172.279,-156.936
-74.2842,30.4688,-180.122
-244.605,157.71,-106.936
-842.575,203.431,-428.165
42.7369,-86.4784,-335.391
-578.751,18.7462,287.811
183.954,765.891,-609.318
314.193,476.208,-499.592
17.9469,59.3162,29.895
459.024,-839.556,7.24176
84.9772,77.1024,223.932
-60.4724,-38.2956,-52.0862
-657.807,738.702,-135.077
-18.3799,58.0431,-35.2423
-5.17326,-12.5986,0.468492
657.756,215.34,169.692
68.4219,-49.9435,75.9585
42.9303,267.607,-305.802
-121.414,600.559,95.0441
-4.26433,2.92601,2.32899
66.4289,-250.951,-571.985
608.654,61.1223,-192.693
319.193,-245.643,155.935
358.689,448.617,125.496
117.381,-469.663,216.202
-62.9237,123.605,78.0801
101.099,480.98,61.4849
-43.2574,22.4356,-8.81564
-246.888,-215.449,98.171
-48.1241,64.1261,-76.3815
-378.323,339.556,-101.849
283.609,-444.414,341.873
-260.647,-38.6378,-223.52
37.1392,-40.9824,-113.802
-12.3609,-354.756,-716.71
153.178,411.351,390.338
-518.73,-647.794,435.96
-455.434,596.432,476.382
-77.8555,60.2517,136.314
916.703,36.7304,-278.854
-46.8243,-314.133,-308.286
169.382,-24.2267,-160.383
-495.025,-397.42,315.133
9.69671,0.212695,-2.76968
-736.338,-275.435,-561.605
-355.207,434.39,-505.129
-22.3353,-5.28815,2.13094
-368.371,-264.533,140.731
-75.9257,-179.132,-121.324
-127.346,-220.836,-122.819
-28.4547,-295.803,-95.9059
642.51,-134.684,-274.299
-286.42,559.232,476.649
183.195,555.579,407.934
-446.232,-366.72,514.528
33.2264,35.0704,-17.0725
276.212,327.167,378.903
919.459,-341.932,11.9205
-480.838,375.037,-590.986
590.945,428.855,306.084
656.404,-678.31,-109.063
-144.481,736.958,-249.194
638.246,210.036,109.768
405.843,-457.746,-480.769
-227.23,-357.297,-247.444
-30.1201,55.2385,-52.8424
237.199,-382.7,270.393
179.922,-80.4066,-223.021
-308.771,-738.123,-422.924
-59.0727,-30.8394,-78.2531
428.016,59.3462,29.2764
-290.149,675.553,583.067
151.668,-208.149,-863.231
242.687,208.588,-71.1406
504.579,748.373,-228.49
-190.226,84.6913,258.93
-150.482,282.98,-412.991
170.741,214.951,78.4003
-633.337,-246.034,-109.677
-421.903,-275.113,-184.923
18.2921,-14.3362,-20.9171
-253.877,98.7816,39.0585
81.4952,77.8753,-18.9856
144.346,193.836,-95.5789
163.947,83.3812,-93.9365
176.899,-122.549,-71.5857
-15.8974,29.7791,-30.6392
-519.214,179.474,601.318
311.774,-460.642,-121.03
-66.4082,-508.149,372.847
-517.621,-238.673,710.759
96.4538,-17.9248,64.6855
753.975,-224.298,-574.464
-36.9423,86.8338,-61.6401
27.7561,37.0601,-1.72944
-0.946679,3.55905,-14.451
-422.467,-42.8709,138.198
72.8873,63.4384,-98.6286
-296.297,-147.762,-429.035
278.455,-351.651,-301.429
25.7761,23.0032,1.44282
758.673,123.546,26.2481
-37.4729,-60.0287,-208.651
388.872,-277.634,-378.1
-57.3286,-5.75277,15.6055
570.223,-294.937,-130.771
29.8979,288.337,85.6912
233.292,-670.736,-329.243
376.72,332.517,196.827
195.334,524.793,-466.12
111.382,106.03,-167.346
-28.7542,-28.3879,-84.0675
-48.5336,-269.36,905.098
381.712,-852.629,-71.6264
-81.4583,200.112,111.693
-610.943,-705.621,80.2964
142.544,-714.036,609.435
356.617,81.1186,721.794
-172.095,166.465,3.31628
146.876,377.368,25.5317
-376.626,319.694,352.473
-370.306,166.334,364.491
56.7023,175.665,111.835
-150.439,166.357,-235.485
-133.275,-304.622,41.3052
99.8664,102.787,46.0682
-24.3644,133.02,-190.642
213.432,242.792,20.377
62.8457,240.505,296.273
206.758,-214.103,163.286
687.113,-345.943,271.41
396.425,-160.887,335.422
-512.508,-572.827,-471.089
-527.652,-616.77,-200.37
-844.95,341.972,281.387
120.48,-189.21,-195.847
-182.974,-179.451,23.2103
-209.503,-149.32,-116.009
-643.482,479.469,426.038
398.165,389.335,-415.081
-366.481,656.124,-51.8544
-155.057,69.5333,108.45
109.613,860.07,70.0919
-395.995,203.985,301.412
-71.6366,-45.2349,419.745
99.1878,21.6321,8.83827
-103.739,-78.1945,448.148
187.16,-465.933,-473.688
465.451,-241.846,58.4167
-635.386,304.44,647.272
-3.34644,-123.239,-74.9064
-300.972,-4.56038,-6.63197
14.7308,284.211,518.558
-362.716,-504.204,269.363
291.445,319.066,288.55
-39.1339,-66.5911,-21.137
53.6043,-55.7228,-37.1287
344.769,-311.349,277.812
496.304,7.21899,315.194
16.5949,-382.818,142.468
332.38,-226.955,431.71
234.534,-90.4477,76.5827
152.499,364.217,177.377
628.938,-444.332,288.689
79.469,216.213,102.438
-541.537,-362.314,-195.121
90.0826,-209.522,-232.458
-188.075,-483.131,-199.186
-166.425,119.656,-156.528
31.542,58.5951,110.044
-402.956,488.82,59.673
-1.82653,7.98369,8.516
-528.892,-300.704,290.64
2.42457,-59.4104,41.8619
-770.821,186.743,579.238
89.1242,-205.41,189.454
-201.862,254.803,-161.754
657.56,5.17518,-674.218
-0.556283,0.31136,0.663997
-204.345,-235.304,163.06
98.1525,218.453,-962.998
-537.54,763.689,235.385
-57.6531,856.731,-178.872
-230.423,591.112,88.2006
-287.854,-113.155,171.772
-16.3103,-55.0021,-16.0221
446.143,-357.614,-19.9336
481.43,500.215,-107.19
3.15279,0.0847824,-2.79929
374.532,-37.9239,-352.397
168.946,-119.077,119.497
40.596,38.5375,354.597
-17.4009,-8.08699,5.12068
-295.409,-647.79,-575.188
279.755,384.295,-204.765
-0.679499,25.6211,20.3704
-701.093,248.869,602.363
25.418,-500.03,-370.082
-573.081,295.932,29.5286
-791.653,-249.992,-244.267
-23.1579,15.8458,510.116
418.113,578.774,344.91
150.378,167.706,131.938
-362.27,-38.5857,-156.959
-226.022,369.182,728.128
479.944,74.9521,-318.856
-38.3831,-236.812,-52.5809
178.738,84.3254,-136.96
-365.205,163.985,-413.641
-101.078,-317.421,-410.783
14.7764,-3.28164,7.9901
138.52,173.662,-100.422
22.7157,216.429,451.002
169.199,25.2636,89.095
-675.257,-538.08,462.395
2.01248,-7.90004,-5.47627
-165.973,-566.951,335.631
80.7024,-52.8737,83.3734
813.433,-238.202,80.4601
70.2988,106.793,162.128
-304.724,-154.339,-25.9329
330.538,-117.915,-295.05
145.228,108.287,-86.4837
-302.804,48.3724,8.79953
-21.2535,27.9358,-48.4724
519.836,-461.565,92.2215
182.287,456.372,189.22
740.076,362.58,-119.715
-132.078,-406.269,-36.9805
913.362,92.7501,-40.3342
26.954,56.7365,37.1847
-9.11901,22.0476,-1.92121
142.37,-73.1261,-111.576
-244.505,-462.695,594.583
331.683,-139.649,199.734
263.216,224.336,436.352
456.496,-334.742,498.352
15.5603,396.717,502.205
-412.443,173.001,-87.5816
125.494,16.9424,-116.112
54.4022,-42.8894,27.3429
25.0696,527.974,92.9818
-498.257,725.132,126.863
-502.598,-252.094,805.971
-222.574,-599.527,-496.063
-489.948,-453.701,683.795
-384.992,131.355,327.612
-17.841,15.9931,16.0986
-107.528,-155.338,-94.1908
-421.614,616.012,163.307
151.002,-434.804,-412.31
-419.944,-346.478,558.56
69.2349,57.9405,50.6363
241.041,96.894,-78.9365
-102.4,-300.857,662.059
-93.1977,737.376,640.758
381.031,-42.8108,-127.881
130.374,31.3606,22.5483
931.926,-9.32489,116.327
-224.745,495.867,-556.172
-278.324,58.8175,-2.90208
365.268,529.773,414.702
-242.386,-258.467,-222.732
-563.409,643.448,152.654
395.285,-307.921,-784.138
-94.7186,383.388,-164.267
10.3824,56.9679,36.1279
148.581,-373.762,16.2537
215.089,467.92,187.104
-73.4738,-66.4215,-36.135
-269.538,-58.3304,354.519
-44.5002,-252.664,-282.574
-256.153,623.207,-455.615
-435.588,-349.44,27.0418
30.9714,-96.2304,-95.8455
333.257,356.447,-615.268
-281.728,667.047,-356.482
142.938,-88.7032,-70.828
272.639,223.105,272.823
9.3128,2.47048,64.6615
-157.878,259.535,-274.662
-22.8928,57.0833,-1.24906
54.3042,-55.4026,40.8952
314.723,-184.664,141.85
-16.8817,14.8577,-1.6492
-128.073,42.0527,341.387
253.449,-65.3367,428.09
407.24,-381.845,-14.1022
120.251,143.335,44.0365
-319.581,311.432,-99.0045
-254.739,-345.902,-364.979
-56.5826,-146.295,138.666
-304.886,33.3568,226.019
138.374,-131.57,63.6563
-650.348,99.8389,196.609
271.451,-32.3865,-248.473
772.775,59.9771,-412.162
559.631,269.559,-229.113
-238.49,-415.551,276.803
-517.767,-541.796,-524.201
-248.255,479.994,-395.785
471.961,-358.452,-441.133
-206.311,16.4713,605.672
-525.754,-256.46,162.651
-59.4547,-85.7528,-66.6327
-36.1332,456.089,-876.558
-0.617709,2.19989,-0.0674061
-256.205,287.141,-273.074
-403.628,403.593,-69.7757
-132.823,-181.272,-384.991
361.431,-553.295,-211.335
-183.026,-119.881,-289.822
-453.474,646.139,-145.549
-218.643,178.872,314.394
4.04652,-41.3271,-78.1453
22.348,-8.05411,-8.43944
-321.5,270.295,-313.462
98.5485,147.679,144.885
155.225,36.1597,27.3269
171.245,353.497,-428.29
-149.424,3.38319,301.908
-33.3189,-37.515,19.3015
53.67,-592.108,325.374
-251.181,299.789,684.048
-139.767,770.648,-316.559
283.627,-246.012,193.249
660.297,191.412,658.36
-254.551,-316.757,0.446073
461.134,-39.0291,516.68
-92.7109,-213.397,-190.535
9.3738,14.5743,-1.49645
117.826,439.881,-113.242
0.265711,-430.427,591.393
394.329,-154.748,-422.063
0.330612,5.09181,4.57166
697.332,-77.1185,-491.859
6.18154,-6.40591,6.63712
440.61,439.128,-393.973
95.3785,152.522,-35.6633
66.05,-84.5081,-110.479
-178.912,146.562,183.878
-32.2233,-159.733,234.92
57.5809,-922.922,378.381
-92.6138,513.587,-402.306
-176.631,534.918,465.226
-167.207,-221.381,120.906
661.086,87.9921,386.479
204.16,-717.657,102.606
-377.199,506.098,346.301
244.969,435.489,343.455
-472.584,-333.828,-589.056
-50.5996,143.689,-354.193
559.413,563.927,127.958
811.025,276.612,212.311
62.807,-2.2619,201.239
-293.351,504.571,335.443
21.9926,11.722,6.24851
137.802,59.0843,99.1526
-780.888,-376.684,-413.313
335.639,-14.3718,-37.3609
435.399,-426.332,-41.9287
-124.142,98.4252,58.4273
60.57,205.854,188.777
-274.906,497.527,-699.205
161.646,-117.559,130.417
107.986,-529.257,745.521
31.6989,6.27382,-28.185
-69.7192,-34.0889,257.569
330.566,-399.777,486.064
690.95,223.411,497.457
-115.301,496.091,-540.909
-0.963243,207.323,395.451
-105.679,211.044,-207.635
143.092,-96.3618,-128.736
-144.457,-516.059,-498.403
571.392,-452.323,297.22
-224.662,-196.631,87.1521
20.1632,-57.9467,76.315
22.7857,257.118,12.6961
177.096,88.0957,-210.181
-229.02,-644.386,-354.059
-581.416,-155.311,253.805
315.84,900.661,-212.468
-14.8639,-33.2407,-38.4987
644.553,-250.443,583.686
464.668,632.64,458.286
-302.506,-799.655,335.474
-218.283,-238.847,378.681
29.1952,-74.4293,76.6622
337.24,200.606,289.45
390.295,49.1106,270.392
-11.7848,9.75837,-7.56651
-257.696,119.157,-311.432
565.358,-297.138,653.298
337.253,609.631,444.763
192.332,80.0491,-82.8363
236.455,-20.9652,-209.909
139.055,-19.5334,-393.111
397.419,378.488,-298.729
162.414,340.03,-458.721
-318.042,-436.654,779.97
236.981,170.129,-66.7087
-280.452,-298.617,208.528
529.912,-310.443,73.6506
366.399,880.26,-59.3742
-500.5,97.7556,263.548
378.452,195.651,-154.049
128.601,210.996,-140.981
-274.951,-369.933,-206.474
-53.8946,-108.87,-34.9626
-413.903,376.656,-496.715
-599.298,-188.079,-107.1
-397.108,-497.017,758.294
193.177,-415.453,77.2358
340.272,226.227,-325.704
474.542,635.599,371.84
18.2151,-88.0802,73.1508
301.94,-143.857,-533.844
218.004,664.535,609.648
-35.9847,131.6,285.097
-196.809,220.596,302.904
-66.736,61.7702,111.06
193.701,92.0234,468.966
-66.2089,-96.3231,-659.735
599.429,152.584,-337.274
-739.942,312.679,-541.893
-279.236,-395.735,233.303
-528.364,-779.277,-169.334
-88.6167,-303.219,47.4401
476.527,-430.556,262.16
-120.542,-77.6296,-127.216
-9.28686,46.2056,-63.1574
-236.713,377.969,-45.5864
-140.347,-576.577,-692.914
-365.713,422.882,-267.477
-154.132,-138.21,-147.191
-10.0547,296.053,646.245
-439.156,-370.511,451.29
87.9716,-28.8425,-510.226
-58.0139,587.228,228.565
620.864,-240.547,-259.565
31.3499,379.793,134.403
-182.141,296.507,-433.619
127.194,323.176,276.806
-36.5155,-55.7662,-59.7666
-642.316,-332.331,-428.492
-48.8077,-140.949,135.884
-836.691,244.238,-184.001
-31.3431,83.4886,-310.868
-343.015,-12.7804,-304.444
-408.031,-221.415,69.3844
-348.618,370.178,-309.254
106.076,-355.403,156.621
446.816,-432.7,-342.212
-59.9531,-9.81665,30.8142
343.927,-165.012,318.804
274.501,-210.987,242.99
-202.249,-548.569,-605.405
553.078,-99.3367,630.35
14.5585,19.1686,-8.89241
-305.328,373.995,265.18
-18.9124,185.561,16.7228
-385.574,-444.375,566.06
-357.726,855.696,-118.25
-164.336,27.3803,-143.467
-453.617,87.1026,839.981
-584,-501.32,-592.773
-17.3547,73.0707,17.5704
280.856,412.054,332.954
-63.5512,67.5262,63.4194
-44.019,-378.134,-260.452
433.417,58.5809,410.58
-156.956,-900.203,-113.35
-11.3903,-471.6,-681.852
-55.412,172.118,-188.416
334.651,213.69,-7.08413
-109.885,-1.14497,-311.628
106.315,-25.3129,62.3669
143.225,-212.686,-248.559
157.919,325.997,-278.098
-22.1548,8.1296,25.1424
224.081,555.399,-587.432
-127.517,136.396,58.7043
26.9181,201.419,-360.165
24.5278,-375.479,-254.425
99.2496,139.14,-186.294
72.854,-161.363,134.824
78.3771,218.423,544.183
-78.1587,-553.42,-88.5735
727.169,-605.661,-31.0117
579.224,27.5615,-314.851
849.881,-422.719,-191.502
45.6509,-18.1028,31.5803
-681.448,680.683,-218.201
141.33,255.242,-586.341
176.42,198.999,175.191
-542.534,-490.237,-20.1219
430.517,-703.542,-190.456
872.118,-130.295,-336.525
731.014,119.007,646.007
430.191,-573.798,-573.771
-42.8279,-94.2371,49.3413
-23.3684,41.943,42.0487
607.261,504.679,-218.602
-18.8032,60.5736,-31.4312
378.767,-75.3757,-609.617
-500.636,158.272,-109.688
-0.0954509,0.434042,0.254553
-252.173,-60.9794,624.374
-67.4473,-375.393,-38.9019
566.149,-489.036,-431.597
-590.528,-256.583,222.378
314.683,-673.918,86.4694
66.8325,-5.63711,-861.064
-706.815,273.013,-430.448
-383.325,-315.221,638.609
-99.7841,-133.343,-31.4786
34.366,-494.6,-467.191
-274.312,184.955,644.023
189.992,-7.61266,33.1025
109.685,247.548,-135.859
36.5261,-67.2802,35.3512
497.762,410.285,-455.173
-303.534,359.565,17.1265
93.1546,-43.2972,76.8453
-224.113,-918.324,-165.144
-556.308,-250.246,-482.29
578.42,358.696,10.6249
-378.887,-67.7252,-405.096
-725.288,206.469,372.62
427.025,744.493,-225.259
464.141,-583.632,446.387
389.263,244.712,-542.967
97.997,-210.914,-402.225
-476.259,-524.018,-222.013
129.411,52.1675,-216.148
1.84061,-40.6631,-49.0426
-15.4847,161.922,340.352
149.639,431.849,763.851
-225.692,-434.329,142.163
-46.2639,-87.1489,35.669
-192.09,190.526,196.573
-110.521,236.549,-233.955
-947.479,133.394,176.931
-35.5519,47.6636,51.5717
74.3777,-62.0699,66.8609
102.883,-556.702,553.216
430.699,-31.1716,429.623
171.528,813.237,-329.196
20.6589,25.5106,59.0614
540.761,-323.039,-207.098
-331.654,133.743,-65.0885
655.539,380.077,609.061
109.16,375.708,-274.765
395.626,-189.555,-180.008
-253.735,-131.87,316.073
20.6034,-154.575,117.333
-255.934,31.9786,221.84
-38.1868,40.0372,550.488
721.063,-447.555,474.752
-259.462,57.7713,392.171
-70.885,-28.0982,-27.5026
-234.131,-229.817,77.087
-410.784,52.433,1.79113
175.814,-454.136,-808.168
-65.4286,163.604,236.303
59.2846,-222.383,-247.878
71.43,-149.008,-110.79
374.35,282.617,287.496
435.534,-395.265,4.48885
137.598,98.1459,72.2232
-497.244,-176.81,463.011
-231.84,-320.468,-479.442
-92.123,321.239,434.043
-252.608,-252.79,189.307
231.836,-15.6598,-189.084
48.7625,11.1268,-100.432
444.606,-483.117,-673.145
-343.661,-89.7482,-205.987
170.402,-121.455,129.491
-129.457,112.283,-537.375
348.123,351.985,6.85971
-182.121,-603.093,127.218
130.513,121.511,129.841
-467.078,385.556,-370.447
-32.525,686.167,-217.202
-123.866,-129.821,111.053
489.447,-420.348,-428.386
60.9375,189.435,-167.601
340.032,286.019,-56.8551
568.184,185.82,-550.162
-784.912,134.659,197.841
-232.5,-159.368,-567.765
326.351,-366.077,458.312
120.916,-199.646,-46.5319
553.736,-270.335,-187.824
-535.449,-90.7145,10.8067
-183.049,195.307,174.568
-209.241,-24.454,8.09483
-358.488,-419.005,-377.041
-603.915,513.276,133.595
38.3968,-97.1966,-363.324
155.726,391.926,285.088
-603.662,-224.384,-566.01
6.1044,-2.73989,-20.6786
-508.517,23.7642,415.961
-225.433,395.989,133.396
516.266,-267.773,205.14
-278.63,-3.72744,-98.5101
618.42,323.74,704.445
-233.832,-225.923,-29.8082
214.53,122.996,57.9322
-68.208,636.476,-683.075
-299.38,-288.538,318.541
-49.4743,133.588,241.586
516.315,144.908,-574.907
825.349,160.028,438.096
-6.92899,-191.312,172.026
756.037,409.783,53.9139
-591.444,515.087,-23.0592
135.363,-528.32,502.652
-43.3159,-169.107,-226.17
-189.594,-53.5568,-25.6493
28.1005,329.042,313.505
38.4153,120.156,-155.493
-291.16,-193.252,-17.8004
540.351,116.462,-708.069
102.814,-39.999,313.602
671.234,-36.7825,121.038
436.035,-597.308,226.498
-84.8702,95.1186,-521.729
-17.5133,17.9089,7.83063
132.782,-337.056,37.6704
-13.9388,-529.044,-35.1937
-233.753,-562.986,610.929
345.245,-130.791,-63.9955
712.959,-142.857,-217.431
-57.3569,-232.186,56.5205
196.061,-259.179,34.2413
-205.065,91.1894,-29.1602
-93.6307,324.634,-166.202
191.259,199.196,-161.643
-112.383,-129.205,174.693
-473.4,-411.176,-181.704
-474.358,-571.184,47.7013
-78.3871,-501.469,-698.003
-264.88,-99.1,-225.806
394.483,-344.836,-413.379
-63.3041,-319.618,-259.548
237.024,119.56,-9.42956
-208.18,-28.4827,76.8082
187.88,-89.1111,270.448
24.9401,-506.661,-339.445
16.6204,45.4618,147.745
170.833,299.72,-58.5468
-15.3988,-21.43,172.315
522.793,-212.267,-484.752
440.497,-113.476,-351.773
-72.3234,266.818,-205.306
-216.017,-280.181,-332.664
715.775,-102.437,160.749
89.7491,2.67337,-68.9134
-123.319,-116.77,288.382
-132.475,430.569,301.828
-78.5123,131.346,-119.892
76.9747,307.973,-715.318
139.826,-344.237,-100.206
-462.384,23.6728,-719.283
10.937,14.2427,-12.7369
-161.583,-379.887,-14.5012
18.6072,-334.612,-421.59
-421.276,-154.877,135.867
40.1942,35.3676,32.6271
271.996,462.653,-330.005
89.8509,-63.8159,-151.729
-23.5792,-362.976,-10.0968
-371.35,153.44,78.9916
-326.695,-149.801,189.757
295.843,-206.495,436.728
301.307,4.49284,-305.3
500.391,490.338,-256.383
-78.882,604.07,116.197
-736.406,-24.0616,584.676
-195.436,-175.129,823.863
608.302,-200.4,650.825
-178.129,141.851,167.227
2.20777,3.5237,-14.7271
254.719,-729.346,567.771
191.44,-78.2953,95.8909
11.8166,17.7199,-5.86917
-289.827,-122.857,-37.211
189.913,391.529,457.741
-217.424,181.714,173.999
-347.707,442.966,-206.853
-100.057,-184.312,40.7878
505.09,-360.893,-145.563
8.46068,-5.61567,-61.5572
-555.683,-224.369,-232.491
67.1271,-581.872,-412.443
-78.6487,45.8839,79.3275
-199.345,-489.68,-675.954
-137.995,151.373,-15.2132
-147.64,234.255,439.852
86.9678,-76.8389,-179.052
173.108,-190.973,-193.726
-830.953,149.629,488.635
-136.094,30.1682,-113.029
186.083,571.082,-672.185
-92.8151,-108.224,69.5778
-757.031,297.95,1.92693
85.129,-152.981,125.701
292.698,187.552,730.919
-201.71,64.6793,-119.206
-784.185,134.238,-374.839
-541.625,353.503,-274.555
209.316,-355.024,588.188
-209.096,-236.258,227.719
-298.779,-328.729,-1.39323
336.997,305.754,318.347
-369.692,130.836,-291.413
-275.444,185.434,-711.237
841.096,-56.0786,-74.8951
209.414,117.295,149.177
501.363,141.527,-445.565
-231.261,155.657,-286.758
40.8913,53.3494,-138.127
190.891,-171.31,123.902
15.1741,608.548,-668.647
-186.98,93.0061,-103.688
-401.785,-168.066,-223.135
404.283,347.895,303.485
226.835,428.703,-145.484
-225.598,-204.487,-299.459
359.229,38.2328,385.306
136.152,-103.918,-128.09
305.055,-351.841,-115.857
41.9321,-26.0809,-40.1433
-427.473,-439.595,62.3351
334.676,620.537,606.065
308.327,-142.847,-68.332
0.664812,0.883509,-0.363178
225.075,113.533,-312.652
-60.8613,494.509,206.989
-138.493,-347.464,43.6527
305.534,54.872,163.808
580.814,276.506,-449.316
355.682,624.223,269.5
-302.342,499.414,-509.208
162.436,230.941,-171.602
90.3579,618.048,-419.15
486.837,56.6417,-702.719
208.56,28.4356,-41.6313
396.257,85.7755,16.3411
273.744,424.659,661.488
28.4929,36.1568,-32.672
241.754,-274.681,116.256
-338.286,573.619,110.73
-265.002,144.274,793.827
656.813,47.1166,81.4213
167.151,307.815,-690.638
-365.526,-3.17744,272.57
-199.551,216.604,-298.718
166.716,-159.032,662.989
542.004,411.791,-384.356
-306.476,-514.691,-173.474
275.278,-332.145,-162.135
-70.6311,479.814,-510.169
-563.282,603.787,133.48
-170.732,74.9482,-153.029
325.417,535.356,695.234
-517.861,-590.127,-177.373
535.932,-201.929,-146.986
352.485,309.587,-134.059
-239.657,131.236,-333.094
-9.7904,4.02445,-16.6167
-366.935,213.585,-299.498
527.503,133.294,-758.214
-67.008,-92.5893,92.8787
-84.5839,3.70757,-272.544
422.464,315.869,232.196
-14.1856,-115.168,234.541
80.841,-55.6374,26.1935
110.286,-742.121,-260.087
-74.7364,527.301,264.835
125.016,262.468,249.49
198.899,-67.5003,-66.0896
-305.479,372.687,321.889
-38.3314,-13.302,9.56454
-17.3516,-31.7777,28.6864
5.01564,11.5085,7.19125
-595.68,780.375,136.559
231.343,239.995,310.042
292.398,302.881,-180.582
0.286679,-5.60923,-2.96954
-133.501,145.146,133.898
93.9253,-319.387,61.9059
567.934,480.784,-148.676
308.969,-636.224,188.956
581.59,-174.869,104.039
524.184,-335.089,-129.299
-405.127,199.604,-233.026
716.627,431.763,-152.316
223.909,-370.783,-511.744
1.03414,250.24,-480.54
424.71,-196.45,605.448
258.595,-408.979,-182.751
-250.504,112.26,-317.061
369.373,295.375,236.315
-54.5699,497.254,-263.201
199.381,393.748,100.61
-7.65201,3.7959,0.74784
-144.531,9.42905,296.497
679.998,540.462,434.728
120.946,32.7598,97.471
-58.6491,19.2576,-23.1345
-178.055,281.984,-861.532
73.8417,365.44,324.872
-236.317,-731.7,-592.884
286.205,260.313,909.51
-490.097,-131.168,449.102
-125.753,204.609,24.3629
-650.158,419.311,605.664
-185.721,-56.7564,422.221
-255.651,-490.971,-182.346
103.792,259.01,-152.259
607.354,677.878,-24.8651
-57.1091,483.468,-73.9602
-554.601,99.3674,354.347
-406.784,-586.197,-178.752
-9.42182,12.6213,-107.687
667.715,-474.687,-451.17
141.776,78.6961,-50.469
-711.999,355.197,502.308
-452.195,-205.66,-449.377
91.9893,-169.998,87.4366
110.099,17.4561,-113.909
-207.779,231.17,-851.396
63.0357,654.548,-158.427
86.0535,539,740.37
-404.77,-241.285,-208.08
2.77961,4.572,-11.1917
-128.957,42.0168,-232.893
-68.009,-70.2134,-58.2815
122.431,96.0431,187.39
-106.46,-441.833,-228.939
-100.172,-56.8434,103.71
164.764,47.3838,165.794
-205.246,-140.343,-309.865
-158.374,-508.654,-242.976
366.309,259.294,-404.003
151.619,-217.419,141.148
-17.66,-40.2365,13.0406
303.247,-577.852,-382.823
188.423,-222.926,178.819
124.669,-130.429,5.78337
35.7448,428.438,292.84
439.538,-253.534,265.35
179.771,558.31,111.119
116.579,396.094,-206.045
-301.014,509.854,-50.433
126.637,-309.468,-32.3587
34.998,-54.6525,874.984
125.302,143.723,-514.562
237.64,-317.468,-243.048
24.1277,19.9785,22.0988
-390.517,-141.121,-244.651
527.544,-408.13,378.395
38.7042,46.3758,-35.4472
-712.575,197.287,651.544
102.05,-118.409,-94.1674
-16.997,-229.22,267.808
-49.5943,617.04,103.743
147.374,-243.702,25.4568
75.1143,-159.723,473.775
-53.553,-6.96451,-209.064
2.03451,6.25848,-15.2962
52.6406,54.6477,218.197
250.133,343.649,8.39858
-648.22,487.25,302.166
208.324,-111.444,335.62
94.8207,-116.543,88.1879
-386.453,407.15,-156.857
-327.409,-114.025,-499.772
-0.477468,-11.7135,-76.8852
-3.81272,161,-201.782
117.315,-76.1895,-70.7805
-452.593,-594.347,41.6987
-122.858,-513.814,-294.676
-383.098,-451.689,389.046
-4.78698,68.0331,-5.08915
125.732,-47.4641,-117.878
65.3554,266.924,-511.186
220.245,104.429,203.402
213.078,-135.371,326.571
480.553,235.258,-92.6653
57.845,-12.6746,23.1942
4.89126,68.0774,263.899
69.3619,448.263,597.098
585.532,-242.399,-65.9396
-382.333,-320.28,-290.952
-448.133,-480.871,-450.493
518.659,-41.1414,-234.125
53.5225,44.0197,22.8289
124.257,-194.325,105.741
83.5598,100.657,77.9223
-405.904,-373.282,-97.2502
-522.848,515.451,250.536
-2.39234,-1.46626,-2.14192
614.363,-611.459,-289.478
-646.942,-513.894,242.951
237.713,10.6001,74.747
-314.81,-234.429,-257.079
-441.893,-412.889,355.888
193.448,256.643,-582.144
146.112,267.988,-220.396
-433.272,585.629,44.6196
-14.6103,5.50947,25.708
326.639,192.064,-256.678
21.1603,-2.58287,-12.2963
-18.5757,1.43085,4.0328
-73.8701,-82.0798,84.3876
-195.865,-623.749,743.128
-629.572,-293.476,-466.073
-13.3393,32.6253,13.0735
-173.573,310.425,-870.596
52.7451,407.244,310.907
34.7443,31.0926,55.3158
336.291,-339.701,-288.298
-496.236,437.24,439.289
485.002,571.295,528.792
-68.7489,49.9985,745.483
-34.1577,51.4579,96.5957
86.3334,16.805,24.478
199.622,-16.5975,-346.319
-12.6581,-51.6773,261.438
-219.196,-58.901,146.684
453.602,-585.886,198.699
451.514,-333.427,779.479
15.1915,60.9003,85.5792
65.4102,599.746,137.469
178.157,520.81,316.302
805.321,-115.343,402.092
657.388,51.2768,-656.702
-895.208,-80.5748,-302.8
-165.518,-117.022,-110.838
3.69295,368.31,-27.3568
-325.387,-92.1848,-349.363
37.6365,16.4382,-46.6502
22.3282,102.281,-144.588
822.75,-234.806,419.257
88.4357,140.361,-137.241
-762.484,-162.927,589.99
-46.1523,-688.164,-267.181
-389.87,474.881,-692.58
-85.9494,378.102,227.742
409.074,296.232,-284.994
221.824,-520.319,360.49
239.745,-523.537,-781.413
-147.417,165.138,207.557
72.3196,561.401,-225
101.839,715.691,600.45
-124.71,24.2654,4.27009
92.4333,-730.18,279.868
-295.527,-214.745,907.425
-357.995,131.374,-194.974
443.367,-227.676,457.749
217.396,-485.775,181.872
-37.084,130.293,127.98
441.666,156.502,-549.961
210.38,-376.468,-723.09
533.557,-106.161,-185.426
-580.799,579.774,420.57
420.423,-533.104,-203.349
-685.728,-64.0579,96.6513
247.823,171.896,-205.151
485.688,-257.772,-522.5
84.735,95.218,49.708
-69.1506,-186.92,-175.276
-597.577,-346.389,661.651
56.758,-143.513,574.155
-105.694,280.71,143.283
-111.197,58.4901,190.357
94.9285,-148.761,-32.2796
113.508,88.1982,166.899
-65.6341,76.8583,68.0565
62.2581,-13.7581,11.1881
65.0764,-178.981,-15.0229
-50.4427,614.247,-382.98
72.2754,861.963,251.195
-115.014,-6.53762,-306.974
-336.735,144.706,-368.021
379.282,-292.954,214.35
85.27,-29.1768,-65.7455
47.6214,45.6855,-26.622
-279.87,-317.267,238.131
592.886,-217.125,18.3007
799.023,-171.5,-412.889
394.191,-151.434,-221.888
7.09022,51.6139,62.2816
-685.318,346.451,602.383
18.768,-51.3069,-109.557
-584.653,-523.97,-332.703
-234.619,-57.0953,137.427
-79.336,-203.897,391.322
700.738,581.879,-260.735
-630.273,-24.6116,262.732
277.752,-153.022,364.415
-359.277,-351.566,-115.333
112.996,-305.137,-79.3725
-56.5552,-819.597,-64.6187
-18.9348,258.538,363.763
1.39882,-361.407,-371.228
314.302,-68.494,46.9302
351.713,-477.852,-720.38
558.824,247.762,-561.003
458.513,318.291,-186.188
28.0703,-12.51,-15.7343
210.237,-252.46,338.621
-821.179,192.894,-246.941
20.5551,15.2083,-18.457
97.2156,423.931,-483.579
7.3919,-6.40074,-6.76763
-191.254,478.438,334.579
108.238,-222.608,182.036
-138.238,625.764,-284.922
31.828,67.1514,-4.81239
-534.951,-33.8588,-455.696
-113.235,128.275,-202.622
356.881,547.768,-475.656
-290.108,541.065,-282.15
191.153,-108.655,-173.143
44.9374,-55.7541,-120.934
65.094,272.754,2.15175
-130.76,-119.007,135.934
-733.642,367.778,192.759
751.54,101.847,-326.867
107.749,-235.199,-242.288
613.215,202.974,-471.901
135.413,-40.1603,156.052
64.3376,-12.3247,-113.824
-330.697,197.392,434.04
421.614,-798.067,332.664
819.163,235.123,-62.8329
251.585,200.127,-80.4929
122.053,136.862,23.882
416.683,-162.109,197.869
-733.665,-362.446,-316.222
-153.144,30.1755,-79.9298
112.266,47.4514,-13.2095
54.2573,184.557,107.618
-50.3632,37.6469,-8.50433
288.477,131.666,-936.359
106.129,231.023,0.981279
428.16,-752.709,8.34684
731.567,520.988,-404.791
787.408,-306.935,-387.461
-286.924,-184.679,117.701
77.9385,-350.053,28.6216
293.003,69.1525,-287.335
442.867,587.445,671.723
458.58,233.715,-86.8642
-470.163,297.983,637.318
-573.358,243.915,447.246
341.684,428.093,560.53
308.128,-520.804,49.8285
118.602,53.926,-79.2861
-289.983,-52.6619,-39.605
-2.77732,-6.88808,-3.20111
-463.31,445.773,-60.817
-154.431,135.094,-17.5976
48.7103,33.39,-15.3989
-226.678,-441.001,-367.249
79.1817,-80.2885,154.282
-581.642,-303.161,-61.1032
-131.12,125.528,-116.945
393.278,-404.495,-174.357
413.987,366.924,579.673
-207.208,312.139,265.581
210.884,-362.515,-384.641
844.713,226.407,-84.3772
422.036,266.972,-475.155
24.3665,36.8862,23.6168
-357.668,-135.246,193.569
56.7452,-23.7016,-118
89.75,128.027,41.9445
-518.542,-620.18,54.912
-7.64494,5.73392,6.7127
692.167,69.9016,452.516
-113.156,63.8194,-104.066
96.0249,-256.796,332.446
-75.0833,-94.977,-81.1696
1.2064,18.5787,-9.08812
114.897,96.1983,113.557
76.4394,-51.7786,146.498
-184.004,-127.742,170.097
-578.482,321.624,-179.739
122.683,230.401,45.0335
444.287,-93.4026,-16.1668
-47.4034,434.157,-662.247
565.55,293.991,331.208
-102.498,55.3555,585.683
43.4155,349.835,401.26
112.446,-39.4767,57.9734
-25.1587,69.9363,-50.879
-127.71,-43.4983,714.368
-230.186,390.003,885.899
-46.4086,535.408,349.553
-130.703,-44.8925,124.064
709.732,26.2806,-570.048
-261.161,-99.8851,-136.535
168.973,-92.6814,173.124
-38.1523,49.8839,142.552
-58.2214,158.852,649.956
513.452,671.135,42.714
268.307,138.766,243.833
426.595,53.6543,84.6601
-357.354,330.436,348.318
371.099,-170.101,-34.012
-188.313,-150.458,-180.262
119.348,-46.6398,176.34
-209.284,113.913,-153.318
-206.701,583.859,471.384
-98.6414,-84.558,-99.1425
397.219,-333.554,-321.268
187.16,-36.7879,28.7038
814.944,179.508,535.533
-510.825,702.411,-45.4645
-781.824,249.045,32.5204
120.987,212.51,-236.069
76.2205,542.341,-236.21
142.4,67.2906,-251.407
-215.108,555.677,778.07
-6.97418,-785.439,-357.497
70.2173,-265.309,-332.734
-202.919,-65.7897,596.99
326.869,118.45,17.2569
48.56,-107.031,104.015
100.937,553.335,578.581
-116.705,294.245,-586.628
-393.313,-196.638,455.787
-450.867,-317.476,419.922
17.7579,-332.441,-188.415
3.11621,2.52645,1.36471
-39.1448,-7.01614,6.936
-10.8023,-27.6501,-7.89781
-466.167,507.518,-453.773
565.477,-548.492,-271.921
-1.51633,-2.04595,2.05003
-145.303,43.1457,-147.581
-503.898,593.811,282.13
-488.224,220.666,444.129
-115.118,12.9867,124.222
-53.3984,-59.4278,19.7824
-248.112,93.6471,-100.099
417.409,68.6604,218.539
-462.44,106.188,-385.551
-74.452,514.193,581.602
284.73,802.005,-361.588
8.97838,-171.135,392.689
357.542,335.404,236.133
335.328,589.849,561.219
5.04062,-73.1818,-60.9419
-485.615,-411.967,654.229
48.6805,178.934,243.862
-337.923,928.401,121.208
127.99,94.0816,-22.477
-395.696,484.92,578.695
-24.9292,-283.289,393.163
-33.995,-66.5317,-89.5953
-17.5959,428.684,369.661
211.484,-687.379,-582.255
-81.3321,-64.0641,-1.71526
77.2064,76.2404,-275.263
-399.018,262.063,438.059
214.208,-100.427,-252.525
162.189,60.701,-202.739
-47.1932,-126.745,-21.7773
-55.1405,-161.437,117.248
487.603,-632.8,-548.66
399.856,-366.403,-419.371
-490.93,-220.849,125.424
-504.674,674.44,-184.87
636.974,-13.0082,570.083
116.8,446.151,567.175
-616.418,-276.007,704.573
-208.841,435.872,-394.409
127.718,-6.37063,33.9177
127.704,56.0984,-14.3229
805.853,132.476,12.5482
-480.751,-659.687,-377.958
-20.653,-26.2686,15.8998
42.8857,170.778,421.718
-26.8012,-12.3559,22.8419
216.434,56.5516,111.275
103.989,224.015,206.884
-38.7011,-182.686,234.791
-344.815,-337.556,411.763
454.338,227.492,520.491
61.6436,39.8624,-35.4688
-14.8046,449.993,-455.27
137.169,-122.834,-134.207
301.048,360.47,-693.773
-82.8915,891.924,-152.97
794.304,-36.1751,575.599
-565.119,-477.477,223.318
-43.4767,-466.541,-807.182
-455.203,735.161,435.959
-189.473,-9.7228,-322.848
360.619,693.411,-301.736
1.04437,-41.4574,201.592
98.5587,70.6881,131.155
35.2066,552.647,-92.1114
244.956,-516.025,292.06
-475.887,147.719,438.848
-4.00885,-44.7895,158.782
147.374,-22.7603,86.8608
-172.458,391.265,274.795
172.141,502.869,-770.731
-820.671,-21.5843,263.42
-169.752,-208.502,18.5606
-171.739,214.377,-152.581
-543.513,485.602,-516.709
267.955,349.415,387.635
564.806,-86.0573,348.211
50.6226,-55.0522,-48.5448
123.423,-120.526,164.117
45.3061,163.733,104.945
-283.985,514.146,303.933
55.2501,202.032,-458.285
-7.77204,-24.8287,26.8713
42.578,-583.041,-172.862
155.534,-806.784,233.477
-88.5647,-286.321,-130.723
89.8548,-309.528,-502.082
-52.9022,1.60838,-34.303
-207.829,-149.623,-226.192
-473.26,-327.823,-484.288
337.6,487.917,-409.051
314.069,-146.05,-264.954
309.491,-839.817,125.543
437.799,-238.366,-786.52
-1.59927,95.3742,56.4586
-176.799,58.3166,-227.669
-61.9205,53.2843,-76.3957
244.085,-128.308,-273.889
16.6372,-191.424,262.202
183.673,36.9346,-158.029
-512.272,672.59,485.666
143.674,50.9917,162.779
-516.668,-432.838,193.216
68.6725,-125.369,142.16
-838.02,176.888,209.388
72.3825,51.3303,-45.1818
180.79,-155.883,104.892
145.489,6.40231,26.7905
-77.4791,443.415,583.006
-31.3483,-25.8372,35.0118
-162.926,0.371847,236.245
41.0246,-544.126,518.174
-556.53,-572.549,89.3822
-26.5786,17.2927,-41.5681
-67.0979,-351.844,-105.623
-701.356,-161.294,44.5428
354.104,-9.43593,-518.895
-130.373,-44.5319,-1.60762
110.354,245.894,-139.442
-386.231,-462.646,-47.8482
331.75,501.192,-207.339
-414.454,158.877,-168.902
23.3445,5.86997,15.4028
392.383,-100.659,359.027
-249.769,-364.402,-677.199
228.464,716.618,-281.525
-81.5855,-137.139,123.835
-139.284,172.889,57.7552
-398.081,-304.224,553.572
-139.883,-107.922,76.4953
-16.9838,2.96925,7.74307
-38.791,36.7138,-21.5072
235.758,-675.331,483.626
-457.052,410.274,171.209
251.032,-274.345,283.073
-173.834,646.978,438.042
-222.633,-190.876,-4.6244
78.4183,-158.242,263.165
-6.41197,80.3345,248.743
380.377,406.489,98.089
35.2489,414.075,482.694
189.444,-122.475,227.276
98.0123,-108.223,-2.81473
-77.0988,34.1582,-102.169
341.36,263.247,-389.371
-69.2265,-32.2918,18.9776
-520.167,261.757,447.205
-131.898,117.264,-35.3697
199.827,-296.618,462.875
472.138,469.735,-70.8505
-689.454,-547.073,215.287
87.5567,-106.995,-110.74
216.618,-546.052,-430.328
-162.428,219.107,432.626
174.457,-11.4805,49.8218
-121.042,-255.692,159.29
28.3076,-82.4055,-129.105
133.447,-44.717,185.484
452.039,57.5015,371.824
-37.5887,-327.547,-547.533
58.3478,-52.2046,-10.3436
327.023,378.001,-417.118
-286.091,-51.6475,608.026
23.4736,-11.0402,255.363
44.8312,-67.2966,-146.482
113.364,-690.06,-396.442
-80.6215,-13.9181,8.21323
-309.71,479.957,-563.447
281.195,-501.803,692.972
317.573,-72.4498,-299.809
113.485,382.268,240.763
-142.885,60.0557,104.995
154.201,-149.847,-43.973
-3.71202,2.07382,-4.20172
413.62,309.182,192.597
-773.812,162.873,-534.14
301.067,-406.498,-193.546
-322.383,-112.98,-48.9941
-42.3594,-104.332,50.9567
-188.142,526.855,238.764
-552.002,-574.01,-525.651
-479.956,16.976,495.972
158.728,194.299,-44.6155
-841.818,149.833,-50.0453
491.202,-438.016,-411.192
-218.512,-465.828,-507.4
487.344,-177.419,596.187
16.6055,7.15188,-24.0819
-274.338,38.0197,51.3556
104.671,-130.672,38.5433
-481.097,130.934,-549.571
393.6,473.59,-44.4735
-39.3785,-682.753,-562.308
-645.949,151.619,539.52
228.307,-227.049,56.6877
-108.084,934.192,334.418
246.026,559.179,233.702
408.613,154.425,-350.717
-74.1071,173.361,49.5021
435.017,-515.571,-407.797
-660.001,-31.9682,-129.66
-153.676,-167.39,38.3578
-53.8653,-74.7195,-174.492
0.662206,1.63625,-0.668072
-123.667,-650.628,560.42
-154.79,-131.034,-200.883
62.1732,-71.3437,-660.503
49.2557,132.131,-112.153
-48.4516,-50.5299,51.3068
473.79,313.585,7.70735
182.337,322.078,-269.532
595.641,475.059,380.886
-249.798,261.481,-300.634
-523.128,127.535,356.933
26.5643,33.1574,26.8218
97.4973,-779.106,473.847
308.372,162.032,349.556
-260.622,-268.385,-108.396
131.606,51.4861,408.245
-216.079,-91.9056,81.8936
-121.587,-128.21,24.471
-261.979,-445.048,-10.8461
-113.748,-65.1787,-395.976
-353.435,-14.1035,-247.809
-215.539,-219.089,39.3795
-117.585,550.101,431.905
94.6268,76.6858,95.8703
-43.0981,350.324,-449.553
65.0795,46.5192,109.018
106.081,-293.873,613.655
46.9379,-42.7942,-76.1232
-692.983,157.826,303.762
-307.55,-153.556,-139.468
437.098,3.09078,515.967
-302.197,-746.874,-220.949
-270.087,717.45,-334.216
-38.8775,172.228,18.789
-181.305,-146.001,227.046
499.272,776.527,203.39
424.37,534.035,-417.009
-284.239,-669.558,-431.895
-615.333,130.599,-313.175
-28.4253,17.5461,-22.1526
18.9116,117.415,-54.7459
362.712,-684.765,-10.0859
143.053,-9.64702,211.588
-159.043,-252.431,211.681
719.66,176.976,26.1711
-707.826,228.087,295.495
-51.0027,-77.4342,588.219
267.51,165.803,293.77
0.38284,-13.5258,-6.45586
343.478,43.8806,-246.042
-337.791,-623.328,-680.585
151.651,210.644,-210.22
-76.5405,-339.235,-157.758
93.2786,-667.616,-420.083
-611.885,-379.064,-273.314
230.404,271.249,-45.5583
-83.864,-207.846,-188.358
-198.614,-419.447,-373.027
-131.999,80.9647,54.4111
112.133,-192.461,338.996
84.365,-99.8353,-86.1075
-252.421,-221.25,-11.233
214.517,232.416,89.5207
-82.9473,170.258,-93.5005
134.826,565.852,-227.501
-204.284,426.47,658.889
423.467,-479.071,-140.061
-125.666,31.8823,135.26
523.591,-168.119,674.356
622.503,365.628,-144.123
-20.9762,-19.9179,5.68391
-297.642,228.447,-360.961
-317.104,-429.05,-50.6881
60.2046,124.702,-44.2662
-301.401,426.488,-328.413
-491.868,-551.226,162.405
-617.283,-203.412,567.074
56.0736,-184.571,-211.695
-119.527,-118.787,-99.2644
226.074,377.397,-358.496
-616.505,-481.094,108.272
-232.124,885.784,-231.667
-97.3284,-137.897,169.837
421.185,-563.999,222.392
262.467,828.305,-139.944
500.016,323.494,-51.7568
-72.4186,-154.052,-88.7653
276.386,-742.126,234.891
-182.759,-176.098,121.175
-8.88755,-12.5501,-10.0395
20.5217,765.345,-310.41
438.589,53.0866,398.38
-505.634,-417.207,55.5241
0.80566,-60.2417,-7.05815
458.559,-352.88,-23.3636
-63.0869,-623.091,-517.044
336.285,-479.429,191.778
219.396,68.2412,-236.745
25.9056,32.3193,48.2461
-48.9136,27.6091,-21.2658
-319.296,412.523,-327.43
-566.032,294.947,-455.912
206.939,833.831,331.241
48.6824,-83.3307,205.057
-434.155,169.506,-399.209
-181.757,-617.269,-490.181
-84.3116,-29.2261,172.291
97.8219,-50.3695,-127.36
217.472,267.918,-98.6102
20.944,-39.5478,-15.8287
-146.814,498.553,147.532
533.521,-145.277,-342.249
-301.078,248.247,-248.838
-587.748,-454.411,416.804
-680.901,261.752,-623.16
146.888,524.275,113.899
36.6832,-249.934,-128.533
423.824,785.744,-442.734
174.314,450.949,-510.136
281.858,55.0412,-139.632
417.127,490.034,-204.836
309.965,476.296,166.784
-125.393,39.9642,-128.001
269.356,-458.327,-381.325
-2.44474,2.16704,-8.12607
-251.626,351.295,-577.902
-85.1495,-105.881,45.0626
534.871,178.078,-148.171
562.377,-516.382,129.452
507.764,-430.241,414.413
135.125,-159.867,79.1635
-448.304,313.843,-462.016
361.998,-140.275,290.632
-524.056,-323.451,-683.312
755.652,443.452,-185.566
671.297,-103.497,370.005
141.374,-565.126,-98.7329
37.0528,206.661,395.843
-290.634,51.8031,-512.625
-207.95,102.389,161.443
637.744,-264.015,-550.42
-135.059,729.888,-285.403
40.9214,21.207,-51.0426
104.178,131.293,369.042
-12.8324,28.1428,22.6115
157.964,-127.149,5.89977
-103.91,-134.466,189.4
124.028,-47.1767,-85.9011
-375.098,-465.539,148.088
-579.321,348.097,335.35
-320.764,166.279,-538.594
-918.488,190.708,-196.423
-250.596,295.022,-78.7397
88.2073,-465.296,-572.812
267.528,155.127,310.147
-60.9107,-578.199,123.379
-104.886,449.635,94.7214
82.1331,-11.1118,8.71989
56.082,923.059,-107.657
-592.903,-366.941,262.689
393.638,601.275,-612.068
54.0442,194.552,221.049
230.374,-134.285,284.554
97.2115,-366.481,538.433
-315.675,-337.11,-310.305
62.0905,-23.1657,-83.9253
-571.667,-259.185,447.087
-179.021,230.403,-79.6838
-379.691,-315.15,581.115
231.451,-550.291,797.062
80.6806,-23.433,72.5408
644.543,678.329,-253.509
-784.365,-572.569,-26.2484
59.039,279.52,-792.851
225.664,-645.008,-464.489
577.447,91.8253,-671.988
-215.595,183.086,-153.819
567.347,-316.083,-94.6713
-6.93996,43.5237,0.808957
-31.9648,52.027,-10.5812
-71.713,17.4213,-17.7865
377.395,371.746,-717.098
-206.168,-854.233,473.74
-15.4328,84.9509,44.7531
532.658,437.084,78.1156
277.949,45.3383,-267.759
64.3722,-44.2999,890.754
173.243,-792.962,172.284
13.685,-59.3329,-12.4421
37.5057,-48.9236,82.6649
122.757,231.846,-106.586
-590.447,186.793,335.784
447.532,173.597,200.943
-326.244,-495.956,371.797
51.5173,96.0671,-3.87749
155.412,367.347,-183.864
-857.201,371.983,2.04654
352.365,-92.0864,-597.728
-24.4215,76.2224,-39.7831
-465.242,841.443,98.2803
903.24,246.699,206.47
51.8838,98.0784,-537.635
-67.3464,215.402,-83.1906
-619.2,-558.103,-455.649
-120.425,123.552,397.65
-54.911,-403.465,663.062
443.229,-158.284,431.713
457.862,274.758,-180.281
6.46771,0.220042,-4.20412
371.406,-181.509,-400.454
-58.1321,-75.1999,212.038
79.4204,-662.415,711.305
-267.309,7.18536,-168.123
60.8156,-20.2571,24.5755
-656.473,-95.8217,-623.034
495.154,751.463,45.6456
149.132,-433.741,701.016
-382.932,-134.342,-213.071
-565.01,142.048,-424.318
-631.348,311.159,-583.312
306.327,-360.906,93.7886
-34.8484,-31.6999,-19.0928
-22.0724,-90.4064,39.9873
152.999,398.667,-139.908
124.564,220.756,-258.599
219.325,-119.72,-163.242
-113.615,12.321,-66.1028
7.32028,-263.318,-220.889
-558.304,281.392,-339.125
-295.219,-9.27319,215.932
-630.758,-154.853,-324.409
69.2277,144.439,-199.753
-42.5926,76.9319,-70.0621
167.876,141.535,-88.428
242.061,40.6683,417.085
-123.302,115.567,111.888
398.385,-456.35,-163.257
423.684,-190.831,181.46
199.356,110.073,176.571
-292.769,-519.786,699.033
229.17,313.023,128.072
-203.068,-214.989,-219.766
-477.074,-246.998,-746.053
-237.799,-489.567,202.331
247.283,-97.5,160.385
106.11,-69.7306,163.908
-226.594,-96.0743,-83.8175
416.234,-525.841,87.8045
546.956,-168.434,243.01
399.518,42.4553,496.897
303.133,797.135,388.161
-366.599,-56.9495,-324.666
63.2985,-15.7276,20.0378
173.202,-272.698,-16.1271
-223.431,272.193,254.209
-237.934,593.087,730.469
-473.211,-594.785,575.355
-121.867,-339.785,882.224
-524.784,-546.787,261.371
119.304,-81.2602,20.3839
-684.153,483.655,98.6111
1.92168,2.15344,1.25292
-245.868,319.084,-267.974
-777.456,71.527,456.405
436.108,206.301,611.79
426.193,-521.62,-416.121
335.581,376.745,-426.639
279.24,-354.434,-453.645
5.0219,-41.8479,-57.4607
-26.6806,65.8673,-42.5682
50.9105,-99.2196,-15.3799
236.545,-168.524,308.987
-513.112,90.9223,-287.853
296.709,-364.845,-264.813
71.9889,-93.7768,54.4219
37.9567,45.1083,5.52131
-85.0981,-27.0359,291.334
-2.25708,-235.106,-762.845
621.522,-699.357,-78.2237
-97.207,39.6295,40.3666
139.604,-31.4716,57.3458
254.804,357.309,267.828
-263.768,110.121,14.416
558.089,722.816,119.297
-16.5357,65.0022,-144.281
-596.486,-399.845,469.01
-2.41868,-5.23324,-4.10539
435.293,-46.6358,302.444
-155.414,-129.959,-72.5948
128.859,-373.141,-565.139
183.639,168.22,154.599
-381.578,-41.1896,-504.118
70.6773,141.59,172.614
43.3272,-109.273,212.918
143.272,-100.432,-82.0158
-387.024,383.454,395.427
418.19,-111.522,449.036
-9.17283,5.29033,-23.403
34.0238,-1.25201,31.0872
137.953,-174.746,-118.7
380.615,-170.429,121.007
211.463,-17.3627,426.45
-12.3558,-379.998,-131.113
545.707,203.247,-409.845
-718.839,549.296,-145.128
-398.213,-62.254,-332.044
52.7588,0.306434,8.46608
-82.3065,93.4412,237.465
135.832,126.175,45.058
533.691,-571.45,176.959
-47.554,-280.182,-764.069
87.7719,-695.578,-673.666
-112.798,-82.5084,-867.283
415.536,35.3231,-290.652
-242.903,-330.327,-283.738
-628.447,9.61212,-643.419
-18.318,116.969,158.289
628.589,140.666,-169.141
1.7801,33.9009,-34.0328
-23.1623,117.014,-177.341
-511.243,280.324,-296.276
-307.931,21.9125,163.838
478.57,169.356,749.167
190.862,147.607,35.2832
906.72,-223.696,-156.335
351.558,204.964,263.616
-453.846,321.643,-359.296
-645.753,173.883,374.266
-19.974,-5.11035,16.148
-91.4782,696.133,483.048
32.389,-86.1952,142.281
-359.252,206.349,-556.194
536.797,627.832,559.371
492.888,320.966,-465.393
-294.545,-7.52006,-225.152
-367.574,-410.267,-323.445
125.963,-48.1578,-134.333
192.026,426.726,-365.528
515.926,195.228,561.258
145.63,12.8972,153.216
-164.996,-211.561,-335.379
242.427,-343.124,-416.401
116.879,-0.455589,243.116
-379.107,188.692,173.344
244.914,-138.707,-165.6
-290.659,59.5416,-71.5689
253.648,383.023,-385.565
-190.577,1.18892,-357.308
-105.838,51.771,-246.724
575.313,-470.601,-560.995
-328.798,-345.926,402.29
96.6535,511.223,-799.019
-358.294,-49.6641,-532.159
-38.1056,-216.907,-451.346
-72.1818,86.4738,-252.375
529.427,381.517,-384.541
311.838,393.636,139.373
2.11904,-219.592,-324.282
-710.383,-105.245,-64.9576
-93.2365,-3.62733,-111.165
-89.2849,90.1178,48.2916
14.2288,482.017,29.6053
-807.692,-125.232,-23.5912
-36.6157,26.9847,-21.7791
-64.432,-57.1708,-56.5678
-43.5944,61.1853,-52.6203
-2.65626,-372.56,-653.112
-626.335,113.28,-50.4203
-155.02,-597.344,-756.906
-254.287,-142.672,269.248
-223.044,57.8671,-625.738
146.038,-249.105,-615.283
64.9767,262.406,117.727
-97.9444,-425.147,368.708
317.351,-331.343,-75.7074
68.9083,-574.303,162.217
-22.6356,-103.62,11.0289
-106.608,-104.756,44.9575
58.0905,-77.4374,115.657
373.995,307.44,-24.4724
-22.7904,-72.2477,-36.5007
-329.879,527.465,-533.438
426.339,637.255,-531.263
-488.707,-428.349,377.211
-465.104,24.9178,349.483
208.276,-248.347,315.796
-87.5664,109.734,14.3821
87.7979,75.7201,-425.109
-115.904,-118.257,168.401
-518.169,420.334,-395.94
206.866,-44.4031,524.21
-288.03,436.323,-459.797
412.249,-197.965,-290.438
707.321,195.756,-676.925
313.432,91.2772,-319.502
790.939,462.392,-59.1904
431.673,-20.5979,467.137
-32.4699,782.816,-303.593
-675.198,189.007,397.959
788.319,-260.371,-498.567
801.061,334.753,-473.385
103.315,-315.34,-582.722
-579.667,-148.778,-327.514
-233.638,53.3676,-691.885
-171.109,33.1103,-127.404
-88.1106,-76.0851,87.9498
-327.899,316.296,-2.66244
-57.6796,21.5089,110.665
-498.322,-827.28,-216.802
-118.221,-326.862,10.1619
-43.228,-60.277,-295.787
-51.02,42.2992,37.9615
385.129,-378.602,373.756
419.858,-395.24,446.816
9.16586,74.8146,36.4079
8.33857,-48.7447,-80.6103
-401.016,-350.409,-383.73
502.02,-433.4,184.012
-405.212,272.053,-191.39
63.7768,-205.752,328.127
289.954,450.354,12.1114
331.212,-598.269,-667.025
-281.912,160.61,239.863
-27.8031,20.5471,-28.389
62.7319,-93.8177,-68.5157
127.042,-115.979,19.0413
-453.587,-424.145,-230.236
-307.725,256.901,-258.828
-15.3905,86.7118,-274.388
-517.393,511.035,345.48
-122.954,770.988,-579.657
-46.2137,-18.4474,-16.6323
-194.285,683.848,-162.279
273.136,-88.0765,302.319
3.54788,37.6488,-62.6923
353.172,-116.785,-559.749
50.0391,272.015,368.535
217.046,-235.323,667.489
-41.0276,-108.893,-240.945
-754.235,-55.1408,-252.314
126.707,392.102,166.213
-252.489,-523.822,-731.63
-147.868,134.757,-416.241
905.064,-372.169,-29.9856
-205.139,255.213,-493.647
-42.2586,-87.483,-102.007
354.486,-282.57,-189.136
-472.628,-237.015,549.44
-180.893,30.889,-24.3646
237.335,684.655,525.808
147.182,24.0688,-143.44
-36.6156,30.9381,-27.4395
6.04569,3.25485,-1.46423
107.17,38.3537,-262.393
-259.043,-643.474,40.7661
-171.002,-29.5071,249.025
-377.731,232.298,-205.839
262.706,-86.9143,70.7586
-742.042,-182.191,-359.472
-139.79,179.227,132.785
-107.604,318.883,196.13
144.8,-584.066,-441.388
121.081,-133.925,102.652
-43.5782,-33.4749,-325.118
-343.238,-719.619,536.211
232.232,155.28,-187.2
-578.568,-780.218,-14.2276
-16.2028,-945.237,202.239
12.8721,-30.0293,-25.136
-383.615,-14.6293,-279.761
808.61,194.889,-70.4622
138.006,165.25,-38.5524
293.323,-169.775,127.077
-272.302,-537.033,-638.962
185.953,244.817,281.684
430.2,8.91826,-591.713
-80.0422,67.1443,89.652
-582.38,25.3129,-110.487
192.748,133.905,-63.138
49.5699,-21.1004,-71.6434
-35.7572,57.7911,6.64727
-7.48474,3.78208,-6.62152
376.351,508.552,-437.705
-87.8228,-263.403,-207.978
475.924,-343.991,-322.982
524.893,-118.166,529.321
573.762,-93.7187,287.634
90.5456,71.0606,8.8082
146.538,34.47,-85.8791
211.921,4.5251,216.04
232.519,108.325,-355.167
-367.303,475.832,674.074
5.83465,25.69,-26.1216
-39.6788,-32.5615,5.09584
-99.6915,-666.67,-52.9295
414.14,-476.824,-525.33
-407.544,128.883,-81.6132
433.497,-129.397,-159.345
1.92801,-269.554,-304.209
-230.997,122.046,-427.999
-201.348,-86.8134,537.732
-277.865,340.6,402.643
386.851,187.936,-558.473
-112.985,-173.902,-10.5108
-113.534,374.217,-406.191
-285.125,417.741,-399.852
306.751,868.005,109.473
794.581,-56.8442,-567.645
-556.542,62.5684,569.976
-60.2615,53.8491,189.211
-238.553,234.866,453.168
-121.646,-71.4188,9.01544
-383.417,-41.1773,-443.691
-134.654,-117.879,106.177
-435.088,-807.712,28.6355
-21.5182,-51.3081,-248.297
40.1213,19.3634,14.1546
-4.79505,178.721,-43.449
792.925,348.037,-6.86124
545.401,276.537,388.769
-725.692,-70.1156,523.219
-73.5587,-103.072,143.666
-276.699,135.276,-56.1339
-790.375,-303.269,-98.1554
-0.459987,-0.834535,-0.931315
-68.4267,-405.685,-237.219
450.881,-421.974,317.854
-23.2294,-88.5878,24.7279
343.335,583.466,409.466
402.475,-741.096,-8.37378
51.0402,380.286,-701.08
209.803,157.237,129.481
-244.803,292.769,-279.187
-374.78,-386.386,475.064
-58.2094,-173.049,-126.459
62.8631,661.48,511.937
351.128,617.957,553.964
-62.1634,158.615,127.863
131.574,-611.929,-142.913
-192.878,-373.339,-84.9889
-345.797,457.895,494.975
-244.112,81.7884,272.95
311.225,-18.7267,-316.043
-68.5524,327.555,312.511
241.339,138.761,-70.2164
150.782,-273.499,33.1099
-7.78937,-3.74024,24.5629
-40.5026,-531.533,472.791
718.469,226.331,466.132
-189.294,-264.591,-327.834
-343.863,211.062,420.036
-76.5416,-354.464,-354.908
-102.677,113.527,71.7864
-466.682,542.433,-625.706
-477.994,7.23193,393.743
-260.386,344.928,-187.236
-175.319,-404.622,-291.526
248.809,192.173,353.45
-255.021,135.348,65.7611
73.3873,-181.192,343.787
14.1882,-258.127,224.682
512.026,86.6638,551.564
173.853,146.533,93.6416
-377.113,544.353,517.47
702.871,-220.001,-406.32
513.006,-167.442,388.567
-158.165,435.793,342.317
171.243,31.8174,-89.3357
-451.24,64.0613,-289.632
172.338,173.373,-661.229
193.245,12.3071,-246.327
605.991,212.752,564.299
51.6971,-63.9761,-56.4326
-495.008,-776.359,127.409
45.9241,-158.195,-153.748
309.428,230.033,-53.8539
-154.671,580.259,3.81729
567.192,301.32,55.8695
-47.7176,-98.4224,336.131
-416.965,358.95,-579.792
-24.4813,64.4696,-83.91
787.612,584.464,103.481
347.986,552.216,429.459
-858.043,-330.661,-113.385
-587.78,-710.646,220.545
-118.732,188.216,-105.72
61.0748,-9.71819,-62.8148
-416.397,64.0614,376.53
66.4141,403.787,45.5497
-38.883,58.0602,87.6077
-5.19451,14.0503,15.6517
8.13789,-37.1769,-7.48196
85.1703,244.979,-391.626
-353.785,509.612,28.9516
275.06,47.025,-664.872
267.804,-168.981,-10.4996
467.571,-542.651,660.829
-151.947,139.188,420.812
6.30023,568.253,595.733
-24.6956,114.518,601.845
339.193,555.846,-479.776
17.7999,-370.984,239.222
746.45,-173.511,-404.755
-12.745,-378.646,25.9134
-56.5293,26.5655,-116.551
-263.401,-880.995,333.255
-283.361,162.551,400.417
187.232,-247.408,95.1688
200.241,673.623,-114.779
-315.981,297.284,286.522
-49.243,137.306,87.5064
-288.393,262.26,43.8398
-707.38,80.8769,387.612
479.424,322.015,-385.698
-427.457,-280.149,36.106
114.314,-101.091,-195.689
-120.388,-340.187,202.909
-442.083,-357.054,92.2533
257.239,298.206,21.5103
46.9842,67.6809,65.0849
45.9128,539.56,-53.9482
-182.254,-502.842,178.202
-632.453,-408.732,-648.185
-146.734,-28.3826,-449.832
-398.655,378.93,-517.108
188.576,-176.781,329.896
713.242,-476.442,168.157
11.8575,0.51301,133.375
445.465,-158.934,90.6075
-257.5,-243.887,-319.5
-100.751,743.829,-317.133
-63.3624,109.831,79.0416
196.422,290.131,-42.2418
234.901,-125.147,33.0784
-33.4615,-2.92131,9.47539
57.4839,-21.7604,55.8646
131.893,7.5531,-317.986
2.76858,-6.96511,-2.64451
371.841,-205.406,-92.9219
-103.146,-240.536,-238.298
-459.022,-559.879,-119.775
98.0581,-210.13,117.166
300.197,-238.35,-246.385
-553.512,-259.528,-350.976
497.919,-538.899,517.547
-261.8,113.556,-231.584
-56.5433,-121.963,291.233
-320.886,-9.6007,141.662
324.65,-35.3912,51.3515
418.319,-469.281,292.077
430.293,674.756,-296.043
239.048,-197.909,729.92
-361.437,-478.601,-360.555
487.335,724.896,-116.17
472.68,18.0862,626.081
-360.09,330.196,-384.067
-261.848,-216.297,232.903
-127.671,13.9895,501.917
-228.637,-528.977,546.491
-187.247,-448.584,-120.178
-21.5784,-80.0718,59.0489
-643.735,-127.621,-487.692
-377.283,105.334,-260.564
242.701,41.7784,579.225
93.1085,474.627,-56.6154
-62.9583,39.3957,170.789
-449.402,106.729,-293.359
153.202,40.0083,-24.7793
-139.821,65.7995,-10.1473
-56.4042,45.328,-142.335
-26.0474,33.7618,-27.0013
-516.319,-567.23,-188.496
-24.1619,-205.417,-185.272
308.328,-47.8595,75.6662
307.779,378.481,-371.924
385.604,195.501,-115.533
-671.03,289.793,-324.016
-201.21,-92.6167,-247.986
222.316,-216.067,-231.706
-71.0483,98.2549,-113.488
0.854542,-418.772,424.618
-508.039,-87.6788,-409.54
49.471,-512.28,447.459
-105.201,487.925,-807.511
48.0554,52.7461,113.328
358.565,-265.582,50.6745
321.623,-152.528,294.902
-98.0982,-226.031,-9.88079
57.8922,69.8308,136.008
-626.859,-217.228,-124.328
698.504,617.836,151.326
-348.674,-75.3344,-294.636
35.6268,-49.4497,-10.151
393.809,257.334,-242.129
207.633,362.148,229.308
-109.538,-87.9331,74.8344
-281.008,62.4272,226.992
-702.486,-653.394,-157.49
-83.5956,465.296,-437.681
802.923,-567.402,-76.4428
-518.518,427.929,-217.441
477.617,276.777,322.501
-188.554,120.725,-138.973
-306.652,-421.494,439.388
-293.35,-475.206,102.503
-878.569,-76.2611,179.004
396.037,398.191,103.499
77.5169,-159.728,-168.2
-176.347,-636.982,673.636
846.048,-58.9006,379.125
225.436,362.309,-772.57
-424.883,-438.505,-256.188
-36.266,-497.079,221.142
-476.502,-323.57,-149.341
766.611,529.979,-77.0499
-64.2259,191.666,-83.9023
113.129,75.1446,-483.334
75.9414,-9.32494,14.491
122.042,-2.18715,-508.562
-322.073,-115.775,-90.971
-90.6746,-833.622,286.163
-258.99,-41.9354,847.397
633.147,-310.733,-632.729
-486.665,-372.584,-124.992
-260.125,-168.9,106.954
-36.8905,16.2637,0.311713
115.77,670.704,-237.571
-68.8984,-116.521,55.5213
-419.706,463.457,483.195
-27.7566,708.645,202.301
124.325,-218.14,57.4402
48.1093,-143.066,30.1463
-159.365,51.6913,35.7308
636.605,-440.524,-145.897
-427.397,-523.429,315.375
-217.712,165.85,-321.389
541.196,-366.384,525.839
486.316,-553.365,-159.206
16.5787,-261.468,265.577
-308.061,-309.258,557.688
-258.739,269.382,-460.48
182.899,11.0411,141.543
544.765,-297.877,-510.085
-233.513,486.084,181.206
36.1525,-43.811,-258.132
558.306,-12.713,544.065
-508.898,-26.4277,197.41
187.348,483.14,-500.526
-39.7954,-7.86334,-54.0014
-170.124,-221.671,-157.285
944.867,179.145,-28.1982
-429.575,-255.733,178.479
-509.378,-536.425,618.969
-305.063,491.78,204.26
545.027,-165.744,465.079
-19.5368,353.256,-312.607
403.543,-542.907,718.772
302.83,-723.459,460.769
-545.026,-324.405,-520.222
219.663,279.082,125.228
-482.932,293.108,468.912
190.594,73.716,-163.973
563.087,-657.69,394.805
-840.887,356.684,105.882
-69.3682,-196.455,-34.7108
-260.671,-102.294,-573.493
509.21,334.942,414.454
18.6582,-27.2974,-5.05555
62.088,28.1419,51.6981
-818.193,-347.265,153.157
-847.487,-249.188,292.028
411.423,570.721,8.24973
-198.89,-361.938,492.584
-163.535,-146.721,37.7435
100.095,271.278,-465.227
138.454,-149.474,345.62
47.757,80.9489,247.818
19.3025,-0.585844,-3.35089
-413.59,-412.384,214.917
94.6231,-100.441,-10.1873
528.478,-430.364,-492.822
497.225,-551.761,-541.2
-110.112,89.9159,141.431
-252.925,-470.329,-433.459
191.363,168.341,-180.042
358.206,-112.559,-444.651
82.4694,75.0958,-43.3358
-8.02651,14.9999,26.4494
543.847,-4.48412,169.052
104.875,158.735,152.375
7.28645,-36.9765,35.6997
8.93374,-31.6376,60.9418
381.307,-260.701,-193.492
416.454,353.154,434.144
679.685,518.711,-269.172
160.318,-265.706,417.843
263.873,172.284,244.126
54.0473,-634.882,479.279
68.8617,-111.19,-135.345
-26.8845,-28.9089,-49.6706
-341.469,-397.335,-307.511
-194.207,95.9333,-118.616
-344.9,714.432,150.831
-5.89528,-161.175,55.8974
496.747,530.824,199.707
8.54905,-10.9877,9.75469
-681.244,-292.699,291.622
159.248,-42.1233,-159.054
93.5446,-303.497,427.175
-258.848,65.7806,120.048
-151.904,-349.98,-361.394
60.4913,-28.9849,128.374
-165.222,-73.6611,45.0323
36.2446,15.835,-2.78274
-705.838,473.596,-241.526
50.2541,-45.5885,48.2538
-117.082,250.706,81.455
-52.7585,30.381,-40.3947
99.3991,71.6237,92.77
8.07913,-15.8332,11.103
477.127,-108.309,-260.995
-361.291,395.143,410.576
516.435,568.62,-499.498
-122.837,126.937,-85.8691
197.408,-199.989,-107.817
-534.223,-236.281,342.363
2.12254,4.90983,1.05031
-217.451,364.832,-711.606
-236.089,-371.701,-425.402
-209.872,367.624,402.736
269.664,-43.151,50.5449
-746.558,288.334,472.836
39.3522,447.463,-298.675
-24.8311,22.2828,20.349
352.417,-632.058,-199.797
-249.916,-215.395,546.926
-278.775,-516.227,394.333
-152.279,565.076,-706.882
-378.089,-501.746,-327.607
-339.338,170.056,2.85495
659.242,-59.8621,464.273
365.077,78.723,-662.038
539.888,276.32,373.83
369.032,-597.06,90.1503
108.44,-208.719,-269.333
-44.7385,343.769,-98.902
-254.073,-92.2102,630.379
-141.365,-253.774,367.836
-190.419,66.3162,439.449
87.0482,-363.663,-97.3262
25.8793,128.418,-293.108
-756.123,356.302,-252.908
208.71,-307.951,6.18221
-65.4286,168.155,-10.0384
436.069,412.349,90.6829
-124.092,18.9977,-108.696
213.992,-50.1056,-10.736
42.4609,12.6509,38.1102
271.138,234.95,266.596
-481.494,45.277,167.482
100.003,113.687,-126.553
-246.68,-113.487,266.532
-214.286,-226.769,235.755
-38.7727,20.1864,-48.1158
508.207,-4.6481,413.629
241.647,780.737,-39.1827
359.033,-51.7284,113.859
-180.09,59.0612,-215.524
-62.49,31.2122,10.6297
87.6822,98.9175,-69.4626
-186.262,-16.0315,120.052
-84.2462,-115.806,384.777
517.092,-610.765,589.183
83.1615,-448.47,423.893
2.65644,26.3149,20.7986
708.134,258.056,547.035
-288.561,261.775,232.281
320.657,-354.963,700.261
296.306,187.085,-551.555
266.953,530.393,-15.0559
-22.1744,30.46,23.8791
-106.416,-82.8272,-315.495
-204.279,-334.603,418.356
-508.083,391.222,-246.158
314.559,597.671,42.7858
-30.2994,-0.897949,-52.5839
-82.8002,-796.576,471.917
-17.0715,132.187,-20.58
48.6666,-11.5525,84.0986
389.888,-699.596,-351.865
-88.0548,-347.391,440.313
-191.933,-19.2382,192.582
-123.506,-148.485,-333.58
-37.421,-48.5919,153.036
215.597,-249.512,-128.827
158.063,-255.804,-472.362
261.692,-529.009,-800.069
-24.0215,21.5435,-28.871
-531.815,-380.543,-497.386
-445.488,579.459,150.531
-110.801,-457.708,-488.064
-422.428,2.83556,-430.298
-805.139,-24.3619,-252.826
94.155,61.6031,-98.5762
45.3011,-414.254,308.759
129.794,-143.76,150.234
278.077,-573.005,599.26
397.635,502.311,-671.063
-666.92,377.259,-360.499
787.905,-185.837,502.942
-255.353,-147.079,307.983
286.573,434.777,410.071
89.1747,146.13,197.53
162.07,159.286,-182.18
43.693,-56.5767,9.1053
334.693,264.662,-491.115
-508.183,-277.708,-80.2789
-15.8277,-306.858,-17.2948
-51.0948,110.785,-86.5965
-100.952,47.7977,-242.587
533.514,623.363,562.176
-543.339,-28.421,122.286
-51.5029,402.803,-246.662
13.8194,-6.06226,-6.15263
281.431,-6.53596,-594.325
521.469,98.5725,403.762
-296.272,-262.728,-484.494
148.853,385.426,425.103
-20.2393,-161.986,-19.6076
-602.051,637.866,-130.056
-181.094,235.232,-46.836
-224.899,699.144,-256.636
109.626,39.9949,24.9956
13.3902,30.9457,-31.1269
74.0097,275.184,-34.0552
669.711,402.89,-56.4755
454.127,-169.563,777.196
-143.282,-338.851,-552.717
-125.698,462.816,-317.004
105.039,-46.7682,-25.512
167.894,748.27,280.63
362.983,-378.753,-108.972
69.42,-475.56,-250.177
316.146,-466.784,413.175
244.814,-257.255,260.803
243.233,282.012,-137.367
-343.422,-339.265,-348.067
387.608,-448.49,-392.66
472.739,213.674,129.908
-415.283,305.307,109.454
-23.676,739.489,-31.8204
424.901,827.978,262.736
-518.882,-410.157,-338.216
-78.303,236.014,-93.337
80.4895,348.527,37.67
-111.868,130.767,-108.692
-18.2628,-13.1061,168.452
-35.8573,151.523,-122.861
220.965,360.277,281.885
-494.314,19.2089,-93.8227
-412.961,-37.4575,435.295
-187.924,18.2447,197.564
-41.0465,83.3755,504.217
669.12,-431.414,583.521
650.761,-174.06,298.316
-0.122445,0.0252927,0.0331289
-428.412,530.825,-28.8552
-431.865,517.681,-364.965
69.891,-51.2049,-93.1031
-365.702,321.378,136.549
-34.5179,24.9743,-218.929
-210.991,-470.759,-394.367
-206.978,10.9599,-153.341
524.806,-357.393,478.772
-116.973,77.1853,-127.944
17.8887,-85.3082,-24.2305
14.8121,-26.6278,25.6933
327.414,141.666,-227.942
-41.5879,21.896,-43.4004
-22.1693,-685.915,-488.289
-616.156,-428.675,453.145
-341.297,494.622,368.064
-131.954,-117.203,-111.407
9.55983,-9.99255,-30.6101
-247.9,110.885,604.436
-68.0409,210.803,73.3417
-90.5759,-695.596,292.869
738.912,-60.149,328.061
-552.143,93.3038,565.682
-688.685,-446.621,167.235
-24.4314,19.1897,24.7454
-429.265,65.3482,28.8303
286.712,-146.255,-10.529
405.242,-552.375,209.552
44.3952,-30.5673,-57.3454
-59.4254,600.236,746.201
-709.582,-412.963,-271.807
304.85,53.8242,-688.85
325.232,-322.634,419.755
-656.366,-29.2074,-265.264
487.954,-534.975,99.0711
325.644,495.959,-507.897
-509.118,163.152,-200.735
41.0762,-55.1684,23.2696
354.01,-204.747,354.918
41.7516,139.652,42.798
353.523,-585.122,259.306
602.122,22.384,-515.258
288.102,587.219,649.275
-433.356,103.097,-203.019
-2.57942,-2.0366,-12.2288
69.9288,60.6839,-9.11717
-456.711,-109.123,216.917
-125.088,-286.363,3.02447
-213.175,-364.101,491.641
487.181,-298.242,-247.558
8.03914,164.432,589.546
138.833,-336.621,316.269
-579.259,506.96,306.563
-245.075,190.581,-55.0124
97.8199,110.024,-355.756
-314.139,581.452,481.618
22.7495,-420.169,-543.867
355.181,-380.984,-382.543
-70.659,-368.661,-255.583
114.865,-358.948,-203.608
73.1127,67.2436,37.3274
294.133,-102.993,266.435
-430.383,447.775,-466.569
395.852,-243.853,153.728
-100.627,82.7651,-149.516
-702.765,212.536,-279.03
-10.4646,170.463,-87.8984
29.6207,-69.5983,784.392
172.613,-490.815,295.765
623.605,183.848,-559.327
335.552,240.771,-401.94
-281.857,-223.159,232.87
154.646,-326.952,899.429
-263.344,67.9288,334.845
-154.872,-489.012,420.343
-525.979,23.828,763.423
2.60187,29.7983,-4.1195
-98.2527,339.578,-656.339
-0.584175,0.0238695,0.425216
112.34,-833.351,310.257
378.495,-574.146,-245.787
298.086,-414.83,144.825
-135.266,108.353,116.417
390.444,392.585,-147.714
-394.125,418.451,522.999
-0.105468,-0.149777,0.00124798
-107.586,-69.0993,291.433
413.432,45.4251,-393.152
162.261,-147.362,114.731
25.7474,-243.326,-633.452
316.775,-128.193,-251.318
-315.5,485.995,74.7013
-390.978,-40.8636,-475.954
-434.974,-50.1083,-219.008
-342.892,-329.523,-189.229
297.845,-575.578,722.735
-198.057,0.898616,-226.32
-173.594,-182.45,-390.775
587.433,75.5273,-310.993
354.648,-38.8558,206.847
148.157,951.485,-14.609
-4.17937,2.78282,8.808
629.8,310.483,568.839
-662.232,652.194,-152.412
-218.038,1.66499,191.469
574.853,-613.772,256.647
22.6708,-925.815,-100.136
-124.844,-24.1648,-58.5038
-62.4931,-872.999,356.113
432.011,405.132,-245.402
410.969,-686.306,-504.932
-86.7167,126.183,87.0157
-277.341,724.133,441.452
-107.735,-144.008,109.926
64.7364,-156.55,276.587
-277.168,-179.097,362.774
-879.895,25.0574,417.67
-28.1524,41.7283,44.5618
80.0448,116.261,-289.673
-29.2966,102.686,-208.664
-62.4466,-63.4567,80.9242
240.478,-222.811,-126.506
-379.414,-307.452,589.172
-92.2624,-61.8056,-260.743
104.357,-15.8322,-451.083
-238.686,318.318,-10.8167
84.2736,-12.1298,-50.24
-479.23,-71.085,-409.57
-218.508,-359.296,-742.829
-490.651,222.266,543.879
75.5443,-332.942,613.253
-437.652,326.176,-491.652
-539.151,-635.163,-533.403
-538.029,-601.175,162.56
57.3837,-373.271,-636.733
226.274,-622.754,289.482
-186.678,-348.815,577.125
335.427,-22.9321,-4.64114
155.112,-829.426,357.405
32.3219,85.4575,169.671
10.4183,-82.0523,90.5813
539.82,-238.587,3.08483
580.643,429.807,94.1443
23.9518,-83.9674,44.6311
-395.449,-442.392,-466.684
-33.9588,-195.73,109.807
-727.707,244.259,-25.5287
581.494,-223.367,617.026
-143.725,-58.654,180.048
-276.543,139.401,-241.671
-185.61,-497.561,-425.715
4.22571,-11.2616,32.196
587.2,-572.988,-235.756
4.13952,2.74761,1.89348
132.343,99.6138,-13.5997
350.58,-570.564,178.076
95.5681,-0.266331,7.33599
-79.7783,-13.1837,-100.522
-633.729,240.737,674.347
117.128,94.9149,95.9703
317.31,372.517,-170.921
168.238,50.5488,461.038
513.16,-382.426,-430.105
352.298,-99.841,335.274
408.746,121.635,305.023
110.59,121.061,-312.274
-36.8968,-47.4607,21.8507
-346.706,780.572,443.131
102.212,327.365,-348.127
-741.022,475.957,-258.026
444.126,-489.867,419.878
-152.889,-432.169,-337.509
13.0987,-98.7072,13.1223
26.8526,309.807,-52.7244
181.592,546.88,442.112
114.607,38.9037,105.127
375.35,200.955,380.781
-535.051,163.43,-516.746
320.895,279.507,271.035
808.011,-257.278,388.367
-453.71,-684.646,-359.802
-265.162,497.027,-326.563
-446.18,-760.816,-348.333
-552.227,-694.746,333.931
661.455,35.29,-131.71
-236.587,-33.0276,393.152
250.62,333.527,173.217
522.037,-50.9563,-202.969
-47.0584,44.7892,-10.5076
-126.445,-69.117,-317.559
-95.2391,-129.961,232.618
-140.956,139.228,-115.373
43.3643,205.632,-729.21
513.81,-503.421,-530.321
7.97641,-8.09247,-17.6548
-456.889,-712.694,210.484
240.127,-77.1302,340.279
710.4,67.436,521.346
-319.393,-84.854,371.889
206.794,154.415,170.085
14.5296,555.155,-522.551
-585.305,-239.229,22.1577
152.011,420.408,-658.972
-237.225,298.664,370.333
-122.559,640.601,-696.542
-33.2525,-548.275,189.383
414.827,705.682,200.197
353.981,353.249,-44.8841
105.059,632.33,181.277
-116.2,462.335,324.219
27.1154,-146.875,6.38882
-465.219,169.371,-265.013
-147.602,568.907,59.3269
318.282,581.272,199.093
496.913,-365.858,-377.494
247.379,-367.714,-67.2952
44.6333,-34.0263,31.2445
324.512,-383.407,-193.304
-325.147,-178.253,14.3739
-458.366,-307.145,-601.347
97.2241,-364.108,-372.545
-7.43399,50.0565,105.529
90.7119,-378.835,-844.891
26.258,-93.4492,-43.8791
175.192,-34.7754,-320.264
516.822,648.141,-159.483
-153.565,-10.682,151.855
286.777,500.41,-215.381
20.2037,-30.1893,10.8957
-40.8683,250.564,328.576
-38.7861,-187.134,28.1549
-33.3094,9.44815,92.0876
272.627,-116.14,-89.1656
-850.168,-283.675,-87.4348
-759.521,561.745,57.7594
-114.715,44.9974,120.136
151.463,-34.3653,-136.957
63.848,2.60903,-26.3449
-156.367,-25.755,365.383
103.266,-99.7506,93.7592
-784.245,-156.017,-230.783
-273.07,598.602,369.746
-70.7969,-54.1184,3.08768
-389.582,-384.571,-621.299
-434.221,-630.005,-32.6893
-365.252,99.5248,-329.391
188.346,-432.681,683.508
-731.918,-553.33,-74.3702
38.7182,-206.337,-816.046
540.187,-45.8112,477.352
58.2887,-37.7897,189.387
-94.5977,275.146,-801.344
296.827,-187.831,459.766
503.704,-306.229,292.11
-466.787,158.286,613.404
232.441,428.734,-614.381
-140.216,158.796,103.265
209.484,-584.406,439.15
-765.935,-45.1087,-261.485
833.394,328.659,229.144
-620.123,-117.328,490.832
-180.884,-415.852,-17.1034
169.872,883.598,418.739
193.067,-521.965,-352.945
207.032,-639.424,-358.971
-136.041,3.98368,-184.569
548.041,350.052,479.717
219.423,-335.803,-123.429
611.702,79.0631,759.864
-736.939,-437.731,313.765
-386.746,283.107,-396.278
7.10109,7.94312,30.6584
23.5136,-154.412,-47.4679
209.655,-303.803,205.589
476.76,-789.079,372.174
-163.535,-19.9934,-209.718
-100.406,162.363,7.50423
316.621,-145.428,-376.852
122.194,91.6208,-135.643
117.225,75.3174,-16.8035
-636.019,-227.891,-353.27
65.5175,38.5405,-1.19841
128.438,-120.638,406.97
319.297,125.044,12.821
-43.8886,672.023,683.259
-444.736,229.044,-131.842
12.2039,60.3371,29.437
-133.892,-800.441,-248.041
-245.049,-426.348,-400.46
-26.3178,182.326,708.773
199.251,551.536,514.829
-724.242,-541.257,243.336
59.3464,186.637,-633.171
-130.98,240.844,-58.0176
361.75,314.196,-330.335
52.042,-55.9557,-55.5162
843.844,-327.609,368.683
-23.5961,64.3833,24.0835
101.01,-184.201,-4.95338
-168.63,152.166,-325.018
-692.342,-445.233,275.168
-44.5522,257.277,-30.7504
-302.563,252.869,-246.307
-25.6794,112.97,119.518
-34.6045,455.555,84.9901
-14.8737,-4.61194,15.1684
306.848,128.811,-365.535
214.828,-579.726,233.32
278.423,-442.528,401.159
-8.02158,-23.4777,31.9054
105.104,-217.132,200.322
-6.57219,3.53232,-6.39637
-82.1349,65.3255,-87.5706
582.55,84.4444,564.624
420.662,278.217,-59.1268
294.141,-216.336,183.679
281.375,-303.251,787.975
-422.988,-10.2118,-305.07
664.466,467.323,-451.241
-662.522,-20.0733,491.108
109.329,-37.1724,58.5097
2.0694,31.8624,298.926
-400.998,-453.08,-147.881
-175.361,438.353,-313.637
-135.657,-222.227,76.6728
15.5002,-492.984,-719.13
261.301,153.399,-200.873
330.623,-168.701,-546.667
-201.495,670.509,90.4991
-129.561,124.484,-500.073
-386.25,2.26198,-534.875
-50.277,24.0218,77.2669
-210.848,209.691,-43.0716
-27.2113,-5.75379,-40.7828
322.709,-530.32,-570.36
181.671,574.182,341.515
-43.5256,31.7105,120.003
37.2619,708.705,644.801
581.363,-237.908,99.3535
228.786,394.586,12.3399
-291.636,184.577,-795.539
288.691,114.772,-20.251
323.342,-240.638,-487.255
-594.303,314.255,-54.8758
-101.694,427.276,754.83
-493.773,-491.938,474.02
17.1416,-102.735,103.255
-123.476,26.2534,92.1788
227.498,202.852,-187.891
-371.396,581.393,-468.975
0.358445,1.98849,-7.37312
239.843,524.857,-494.083
147.746,127.03,-35.6679
-462.952,-186.109,-211.631
-107.41,-158.051,-0.462561
-705.7,-649.128,-19.4941
-31.7902,-19.0272,-38.8907
-704.316,-47.2759,425.521
-12.6162,89.1573,-376.425
344.467,-254.276,-367.285
245.489,-94.044,-452.467
119.157,32.3839,-101.918
234.786,-244.852,136.942
244.575,-167.192,223.742
103.725,-532.803,586.486
107.078,202.45,-68.6785
25.2901,141.616,-169.853
-32.09,68.0537,37.1938
14.0349,172.874,-198.644
302.754,-254.586,-141.952
231.891,-489.938,394.073
-136.752,108.732,178.94
-55.8067,-241.979,-46.4128
16.0824,-56.0341,156.73
51.5864,-58.7009,19.7943
-113.981,-767.72,558.228
58.8146,-184.087,-72.6497
-162.173,416.519,98.3429
-118.426,54.1733,69.0579
-37.9148,-65.1616,-32.0624
-421.285,-239.278,689.865
15.3493,10.1509,-7.17576
128.164,496.359,680.069
-799.428,510.084,-33.8491
-249.072,239.423,268.357
38.8106,-527.815,141.899
-505.161,-501.651,-400.809
-80.113,-982.591,93.5043
14.3032,1.52428,-17.4499
-638.318,-482.781,-525.78
233.665,-168.167,-16.2545
-828.301,-141.872,168.297
281.311,228.275,96.5604
-425.229,-346.633,36.2431
39.6428,47.3233,-37.7467
-143.067,51.1048,121.436
-68.6942,3.68419,-162.174
432.869,473.093,553.913
198.041,201.241,-653.468
-665.391,-400.126,485.284
123.355,-245.376,-12.5563
55.0489,-2.58475,-81.9221
484.24,-447.513,-433.459
-585.748,-173.068,-281.821
-95.2885,57.6942,-116.467
49.6095,-115.959,79.9248
184.126,355.841,399.075
-513.333,-457.012,-608.037
531.106,557.568,543.577
-59.924,109.361,116.267
-284.813,-158.203,-45.4084
35.8868,-515.476,414.042
124.569,454.616,511.971
-24.8743,-385.777,687.794
-338.73,639.168,-301.172
-8.29163,-16.8264,8.65251
-28.1374,48.2088,-35.6586
-335.087,-24.8259,294.23
-90.4788,282.359,-166.696
-159.844,-295.854,108.299
-583.336,-273.293,748.878
34.0902,340.088,698.347
234.285,149.652,-27.0653
-175.643,619.896,351.023
-92.1923,-233.242,100.475
-97.193,-92.9722,16.7044
24.7798,-92.9251,68.9019
78.3926,-31.9814,-10.7546
509.648,248.206,-331.546
174.693,81.4105,-362.436
95.0862,-3.88397,90.1442
-88.2944,-158.584,212.985
-40.523,-383.379,336.647
201.727,59.4401,-452.199
44.9008,86.4135,-29.7372
-383.365,-182.419,-654.431
34.961,460.978,-782.271
-564.7,-646.047,98.6711
202.064,-376.987,-14.2882
-8.85154,-5.21606,-4.24141
-260.329,260.546,87.3126
45.0587,-77.7971,160.387
368.761,-391.815,242.022
151.844,-265.488,291.315
-115.514,234.566,249.464
199.576,221.84,377.287
57.9576,-823.4,-261.675
326.215,-247.787,16.9824
235.668,-218.811,-506.536
-90.9139,432.846,298.247
162.378,146.929,-414.167
78.6951,214.069,100.398
-326.096,365.751,466.528
560.338,369.374,-235.759
112.615,131.369,-259.499
-24.017,10.2189,23.6416
184.204,60.6645,-229.101
362.584,454.095,-252.047
-514.303,152.839,30.4473
-165.49,-250.277,-261.71
-105.583,393.148,-157.909
-13.237,431.741,50.4689
358.958,472.274,-162.326
-110.779,408.18,317.242
-28.581,55.1841,87.4682
-310.743,676.013,115.176
501.378,172.197,-496.601
-113.742,-281.547,270.549
-613.837,417.199,-433.167
304.226,-253.474,516.572
-479.814,-512.515,18.3108
347.137,38.5275,525.799
113.376,35.2222,-93.9661
-415.491,400.194,-704.614
176.872,-281.037,-157.997
8.27283,3.21207,4.48675
-148.024,-128.648,50.1829
-430.947,521.649,33.8259
-832.519,-58.236,477.786
-96.9754,-78.3873,14.6622
53.2124,-18.2838,35.2775
-72.1583,-69.0086,-162.43
768.77,343.057,-460.263
-194.753,-383.083,309.137
-640.147,-357.91,448.987
-743.036,-416.515,-228.199
-77.9444,-282.952,-12.3165
38.5872,-489.679,-414.116
97.7709,344.699,291.712
178.164,-406.832,300.344
-198.016,-169.622,-57.635
148.52,776.206,-463.163
411.244,443.051,-244.26
333.761,48.8028,621.782
-25.5034,117.893,138.686
-144.043,387.793,-748.384
-134.238,-101.167,274.863
411.994,330.46,-58.7209
176.35,196.99,-304.986
-121.096,457.834,-713.365
-320.139,-52.0367,-345.564
35.1902,410.385,218.761
647.085,-504.102,12.7986
176.889,-693.173,99.3817
-448.815,-197.665,-80.0316
395.703,95.3424,-319.816
54.7532,392.446,155.983
28.2794,-8.11237,-116.087
27.5779,63.2321,-26.4011
717.534,179.262,-426.843
-351.488,541.596,726.91
66.7092,-530.142,-384.506
-54.0688,-83.5768,-63.5235
-44.8138,-254.702,233.6
50.9676,15.5593,-67.9982
-259.962,-286.989,-99.4587
-13.023,-858.267,-177.658
188.419,458.081,-355.455
-12.3585,6.2446,-18.2491
384.255,141.63,-144.304
-60.6932,105.206,653.791
225.221,-58.9094,5.37874
-285.069,-109.289,-81.3933
-2.47153,-29.4412,-30.0472
-28.2697,-112.518,106.028
-201.367,354.524,-538.845
30.2668,580.332,453.657
-88.0042,382.982,-498.159
-456.488,-217.896,-97.07
-47.9722,-146.472,54.4427
126.882,-175.311,196.981
135.534,-497.779,-283.864
352.425,403.628,-480.871
-278.423,354.385,-2.973
-54.3533,-67.0145,4.93208
-230.922,140.726,-724.628
-811.217,329.716,-444.299
139.815,458.802,442.549
45.1947,28.0382,-5.63707
-34.6006,-2.26382,30.4147
190.101,-341.57,-555.5
-182.338,-71.4522,11.3854
-386.961,-588.833,412.086
-201.539,-651.092,0.914532
425.468,213.018,-694.228
-158.643,118.509,17.0459
2.31445,50.5807,-53.1771
-273.177,-247.946,161.472
450.378,602.83,170.791
47.1625,-87.296,86.1334
66.6854,-113.942,129.933
-78.9843,60.2274,-6.28066
660.012,-655.2,-32.0973
563.804,447.282,210.794
-176.54,16.1202,158.419
-452.937,-97.0197,213.909
-64.2346,-266.876,335.826
-510.673,519.209,-217.014
483.626,-579.862,383.459
-0.842754,237.57,84.4745
-50.2712,-247.791,-75.2363
-193.419,-271.03,-331.636
-619.436,-254.82,17.0887
-374.669,186.329,-492.137
104.893,392.572,611.493
-347.17,-552.148,346.746
35.9304,-73.3304,40.9633
-610.111,-491.293,325.364
-24.0336,121.971,283.577
-11.5175,21.7188,-76.6034
-200.702,37.0202,67.9799
468.016,-512.479,-182.955
-41.1999,518.132,-525.444
-111.197,-214.974,524.869
-329.818,-157.601,39.8439
-71.4635,-50.4856,-72.8017
-202.743,134.404,341.52
248.074,-60.6735,213.662
409.607,349.277,-64.5051
425.905,393.504,-95.83
-109.922,67.8939,-381.648
308.693,422.609,-346.913
-185.607,-208.092,186.225
375.905,4.66033,586.176
-154.456,-18.3208,-213.619
-460.678,676.199,568.267
16.7004,11.063,-40.3399
711.969,-8.84926,-458.756
284.254,-166.871,-61.5308
-376.843,556.416,-28.888
439.442,370.02,-37.1745
-274.082,159.178,164.767
-10.2603,-6.10394,3.86916
-192.168,-265.979,302.352
75.7113,104.445,37.1585
-149.091,93.5991,-83.8729
46.083,-13.9875,7.40706
-355.941,219.505,-429.796
-207.783,127.782,79.978
124.728,-147.549,-356.021
35.3496,-15.5525,29.6677
1.0282,-2.79922,-0.422642
-360.663,-338.596,-344.985
678.642,-715.584,99.2862
-566.772,85.8449,-61.8804
-34.7373,-168.309,241.433
-98.392,-145.991,-96.2078
101.371,-198.8,559.391
400.833,-91.3726,-299.946
236.54,-11.1572,-133.135
-420.748,235.048,252.054
423.307,-439.188,348.921
85.2347,-165.866,139.751
-664.732,-20.7375,-561.032
256.644,-35.6091,-510.711
4.6967,-6.05857,-1.16512
-4.57113,50.1915,-829.099
420.535,-23.8958,-147.527
-383.184,218.78,282.073
-105.437,84.021,-145.851
-538.834,-96.4797,543.309
-431.153,-606.146,163.719
-36.6387,244.404,-708.101
-159.317,-70.4167,-26.0657
-446.792,7.74132,-518.48
27.6202,-9.56472,0.761938
-117.525,-208.426,-211.017
486.018,-258.407,110.771
-463.898,-554.426,389.124
-4.10732,216.119,64.2387
-550.654,161.83,-353.97
49.8072,43.7727,-37.8546
37.1483,883.006,-192.669
-490.288,400.782,-7.18642
-490.041,-594.139,537.642
364.458,441.066,-329.033
387.523,109.007,-148.372
-252.414,572.638,466.416
-597.39,120.932,112.188
-275.794,-354.333,242.492
441.147,320.248,53.5791
-292.155,308.974,-262.853
-672.635,254.345,-111.211
-156.815,357.276,-117.514
452.634,-385.503,-86.0396
186.994,265.815,-40.7609
124.081,193.608,132.745
0.329787,-1.6724,-2.54183
-48.213,-380.909,-415.138
57.7474,365.932,347.383
-186.994,-497.457,241.774
396.951,284.242,-390.014
483.722,332.6,7.16689
-293.978,-418.315,-755.627
-19.6109,-613.281,416.159
71.5986,-55.6935,93.8075
590.657,560.184,552.915
-146.182,-279.425,276.855
-317.067,303.147,68.5972
270.029,-151.933,-60.8152
247.094,535.281,-713.903
-186.791,-299.623,35.5986
610.507,291.309,197.581
-195.59,-306.552,-40.9425
40.772,28.3524,-28.0643
-166.632,103.28,662.6
160.813,407.248,-181.246
523.328,-151.275,454.764
97.63,-89.8726,114.5
50.367,-83.6209,-106.6
67.2596,-100.054,-89.8217
163.543,-694.944,-460.476
-228.116,28.3459,-40.1638
-498.895,182.768,-19.5713
839.877,-379.031,-315.459
110.059,637.422,-410.609
206.47,1.98467,320.819
-267.231,-277.453,474.416
-331.837,484.19,64.2705
-401.057,-151.326,-57.7206
468.053,522.838,331.723
-285.492,-586.745,-699.468
218.16,-345.052,465.7
412.249,-322.079,-648.554
-106.415,-139.217,37.1465
13.6026,89.7225,88.4347
-429.209,-198.847,15.0002
-262.975,195.855,159.767
561.431,-266.083,502.337
445.08,114.116,-74.3924
295.802,-208.352,87.3617
-106.847,328.468,174.453
-55.7278,329.033,-545.793
620.032,-632.25,399.692
-436.921,753.799,396.99
-93.1506,436.686,404.343
-172.015,-5.02179,-91.7986
0.701139,-435.136,59.8286
216.569,-942.612,-226.531
62.3084,-42.6768,-4.28707
-131.664,495.207,176.71
-172.547,861.018,-106.447
548.934,345.085,196.842
-59.0449,26.0583,-54.9166
-149.182,-38.4088,-0.15636
-35.9669,47.5953,524.345
128.107,-127.371,-236.05
300.863,712.236,-387.511
274.522,286.194,335.487
-487.757,-66.0905,337.666
-741.005,282.773,353.432
121.051,-129.512,-489.625
670.64,528.513,-463.478
-103.294,36.9505,-8.64718
-143.633,137.416,-16.0094
-30.7436,184.749,-184.148
-224.297,-300.851,-378.961
-532.328,331.462,-610.753
274.557,-226.411,-250.897
-850.99,-149.396,-360.018
668.783,-642.122,-213.425
-42.1942,43.2914,54.0532
51.1996,-161.928,270.4
-16.5841,117.301,-5.67274
-19.4167,-691.955,563.822
267.352,104.545,170.665
83.5705,641.226,433.723
234.163,-193.158,-122.955
660.798,-233.465,-401.964
13.6144,23.4872,49.1737
580.889,541.992,-477.132
401.692,211.505,-410.032
-369.269,-56.0966,208.542
175.815,116.473,-511.794
321.76,-116.574,-59.8266
387.259,-174.979,-51.1897
256.856,-16.7849,-100.601
-189.602,264.534,226.269
-9.11685,-382.662,371.085
-274.46,-284.031,317.787
870.86,-40.8782,-418.869
-208.752,167.459,53.4033
-0.524803,4.75862,2.84807
190.656,-94.5016,-363.713
74.9248,127.837,-22.6405
108.796,150.568,-445.242
-433.096,29.5588,203.695
286.552,-380.583,634.025
585.979,575.666,-348.474
485.868,435.72,-464.12
-73.7758,54.6435,-36.9463
-54.5038,586.152,-487.932
-418.339,-699.489,-565.254
-11.8259,17.2138,-15.1828
-529.733,-75.7568,-116.853
480.181,316.864,644.61
-27.3577,-29.9751,50.2619
356.724,-368.564,146.502
-459.841,241.62,-501.881
251.59,-574.187,639.178
-61.2326,-64.5026,-50.5361
5.26304,74.4983,58.5924
39.5651,-11.1551,-64.7234
-145.458,488.77,-361.093
-341.679,-91.0865,-8.6266
-629.12,-248.68,393.382
230.126,-78.4303,263.044
564.086,-380.409,-144.848
36.0198,91.7884,-38.697
18.695,69.6021,90.6221
-81.9184,-59.961,-56.5102
36.6856,98.4994,93.947
-407.515,-78.2441,369.152
-179.86,-82.9616,38.3222
355.272,-387.492,-417.682
613.623,447.342,-299.323
-3.51192,2.88514,-16.8984
-19.9145,-28.6321,-14.0485
-125.869,-746.339,13.5077
114.691,-20.3197,84.8959
-473.918,43.4697,527.509
42.8161,-32.2532,-24.8948
-3.34543,2.6931,-0.516366
243.464,-147.554,-332.832
-146.982,47.3766,-197.229
-491.221,-80.455,-337.215
-440.873,-577.744,618.03
114.514,-260.855,-216.86
-46.8388,-113.626,-126.865
-495.724,332.662,-22.2691
623.248,219.23,605.478
433.662,631.119,-257.977
-124.062,-831.809,-52.1538
260.889,-947.441,-67.4946
121.647,291.111,99.7119
-637.084,497.683,151.428
-170.374,340.446,-460.928
699.207,-252.807,558.253
-644.693,-326.243,382.523
-356.238,-284.346,-262.178
-58.9545,-206.266,-163.196
-39.1405,7.4889,26.9847
-66.2612,44.4294,-22.3271
-12.8194,-15.7946,156.51
-648.349,-381.217,-173.064
-136.876,-79.6769,141.52
-183.593,318.558,-540.828
-61.6099,79.7498,7.21738
-66.1134,85.7728,83.3658
-436.832,368.757,133.152
-9.16082,21.9231,19.3357
-576.223,-327.287,231.479
545.677,8.87589,304.075
-610.354,648.8,173.71
-232.579,66.936,42.4199
14.2905,-34.6783,46.4008
-100.826,-191.444,-100.953
-428.078,-499.043,14.0872
121.694,-126.473,-227.452
154.449,291.061,-716.932
276.135,746.499,-495.969
-696.234,-240.198,-557.203
527.099,411.004,452.007
-200.889,423.854,-9.8529
-13.4132,51.806,-31.9405
-166.063,-464.225,-338.747
-510.623,-266.297,-263.234
-142.484,-358.288,-396.464
30.5995,-435.257,186.021
-448.154,-212.247,-189.994
-120.062,-602.117,641.109
-67.3852,-110.264,58.8804
-119.855,181.803,-186.202
-12.1983,-174.243,-329.314
88.0654,-74.0971,-48.5772
-740.142,609.747,16.4127
-83.8131,-92.6734,-53.2928
102.502,120.981,-4.32669
76.1004,-264.921,-313.948
-37.825,299.46,392.338
86.3774,647.444,-611.718
-410.186,-149.97,37.1737
356.432,-158.89,102.765
176.149,-490.695,471.164
-193.684,240.392,-236.255
-255.475,-353.77,-331.817
-478.771,233.107,-576.345
778.581,181.513,553.333
-556.045,-142.629,232.701
-40.205,-357.444,888.613
-97.6277,-273.917,170.479
-49.1973,11.6373,50.0559
-493.829,388.611,-110.254
-598.805,-42.8603,391.149
-531.214,-417.892,-491.926
-216.311,-160.134,-378.009
199.167,-467.314,-161.318
-14.9673,-65.3079,813.887
-445.504,-6.61312,321.247
-295.108,145.155,-92.5709
-74.3794,112.154,-35.2838
107.256,444.793,140.847
196.669,-46.0972,121.599
-419.674,431.112,-586.096
388.883,66.3453,33.1115
25.7356,236.612,951.784
-22.6613,-44.7758,29.728
0.906587,0.0815789,0.735902
-26.2958,-59.3267,551.55
301.357,121.524,-374.914
-315.125,-222.111,215.201
221.394,-333.88,592.054
140.362,-160.105,-139.057
439.125,-440.181,695.289
254.057,-421.088,-72.7713
-154.434,617.447,546.804
-106.798,380.925,353.561
294.459,332.842,180.932
181.738,-187.486,195.232
174.47,-609.945,626.898
398.575,-358.767,-503.033
17.9134,191.697,151.995
384.151,-561.212,-357.092
67.8701,482.748,124.576
364.776,-164.8,-400.651
-454.89,-356.292,56.3804
-381.064,328.77,-400.261
60.2257,42.3047,17.2807
58.4134,-339.3,-208.833
177.81,269.716,-464.775
130.837,497.406,-569.526
29.091,-17.8166,34.1278
-52.3751,-43.1205,209.368
-135.247,11.2828,-331.865
729.501,43.9817,-149.706
-11.4987,31.4163,-39.1844
-127.66,-287.151,-442.289
-159.953,-184.736,-700.072
347.142,-269.003,-451.746
-473.347,-301.034,-128.346
-646.832,627.914,-245.23
-167.764,166.829,-160.967
227.631,433.281,241.873
-178.562,371.13,-467.39
-142.009,-32.8809,-155.734
-207.697,212.296,-372.555
-454.008,660.346,225.309
23.5159,-34.8671,35.9309
94.4857,319.155,-204.339
-317.47,470.33,-340.893
475.206,-252.066,-195.856
347.324,-87.8359,-496.915
-180.229,-676.425,51.6857
328.57,-620.963,-283.843
-10.9662,217.674,113.23
96.8512,-527.574,-439.976
1.93799,-34.4799,34.9235
363.528,51.4406,-143.522
194.074,326.181,-173.163
-483.134,202.915,-38.2807
-869.026,476.102,-76.8878
-49.9111,-22.6345,335.269
-334.87,131.051,102.81
-7.53459,16.3532,-4.73282
-253.046,347.664,-364.085
191.279,260.732,160.05
3.65939,-46.8271,-34.7451
31.3419,235.101,254.754
-68.6795,-5.95628,129.768
-470.136,-394.376,412.487
9.56919,112.689,-675.534
-194.387,506.315,-820.082
138.491,335.12,-70.2029
66.4072,-90.8499,66.2138
-567.766,-575.052,225.821
596.458,581.259,253.467
357.043,460.944,625.608
43.4301,11.0848,0.265635
198.313,-613.133,421.232
-45.4652,40.8824,20.8874
-644.155,-283.607,614.156
42.2302,-391.219,63.0044
-4.93721,-1.20099,-5.46487
19.3032,258.076,-452.724
-498.9,-515.013,-292.369
-82.2516,-111.982,-51.6157
-193.575,-31.2223,122.748
-0.153295,-6.61536,-11.015
376.356,103.232,302.3
-8.26534,-82.8298,77.1604
-18.3765,-29.0389,-88.3574
-326.181,-311.89,201.792
420.844,-519.326,-241.855
136.139,-681.901,533.611
-409.26,85.6824,-416.712
428.989,-635,549.861
-315.34,-537.242,493.954
0.6403,334.603,-351.046
-5.73325,-0.570889,-5.57174
483.613,-69.3778,-301.743
-94.4389,-91.8505,44.0607
4.84397,73.8345,-207.487
-352.782,-288.51,213.966
213.323,-52.533,9.08135
164.878,-188.528,139.504
217.206,-658.802,351.1
24.0948,20.7237,-25.7934
410.452,235.869,-220.549
-517.556,300.892,-582.378
-293.139,356.168,336.58
711.517,596.895,-205.024
102.183,56.9208,39.4028
208.456,0.734172,-395.936
-239.57,122.414,-120.624
-449.778,385.555,326.263
21.5248,110.924,247.728
-17.9148,-60.511,-4.87924
-68.3596,42.5243,55.3995
-26.0972,-52.7989,154.881
-335.029,-86.3614,-653.373
476.6,-109.499,424.681
22.0499,-50.7004,51.7172
363.565,393.633,-232.45
-642.927,-149.429,-442.959
256.47,-561.505,-417.616
151.752,456.186,315.671
-78.1357,-180.414,-74.3839
75.1899,-120.971,-140.019
-292.771,318.901,-38.1854
91.4735,-480.533,-552.68
193.222,125.911,-26.0237
-759.425,11.5834,-453.738
-89.894,24.4782,20.7111
3.05964,22.3221,3.41557
-257.512,-265.163,-237.508
-704.218,-238.485,182.528
-146.737,327.488,-392.633
-20.3996,-54.6663,-5.51332
717.671,358.572,-440.444
-30.9614,-180.62,181.638
-510.155,-2.4132,-669.824
-20.0066,-132.782,126.841
759.47,152.603,-389.506
141.331,-170.46,-110.68
-25.2783,588.658,202.11
-0.598942,132.024,-147.059
3.65701,6.35437,15.6459
-91.964,222.766,45.6366
191.534,210.432,-240.004
-673.161,94.312,-554.701
400.147,579.874,-397.809
260.364,-487.283,237.128
58.3391,-714.232,-186.601
-585.699,-302.291,-494.187
376.87,427.556,-282.82
-38.9484,-32.8207,-41.6759
111.319,-16.4932,108.212
-305.189,-136.121,258.607
68.3553,311.073,-115.689
60.756,149.805,-83.6046
81.427,818.962,-196.201
85.605,237.093,-159.906
-372.371,357.857,370.001
133.193,-110.948,164.75
-194.597,62.1557,-131.494
140.915,-554.308,310.849
-423.533,649.514,-262.994
205.692,207.044,-133.262
-109.281,-143.279,-128.495
344.632,-92.85,-37.5743
-625.153,156.365,-161.057
708.602,-696.967,-12.955
-77.8091,137.687,148.344
-73.3735,-10.1969,386.381
-297.708,-64.8096,803.652
19.3862,43.7414,-44.8941
-44.9246,32.2999,169.272
486.184,328.292,-288.825
387.791,121.897,682.383
-177.384,204.483,-199.305
-50.9952,-5.30213,-138.493
102.785,-74.0241,223.596
-40.7541,175.328,-69.6016
178.67,-83.3648,44.1085
-16.6323,18.4138,-553.615
-342.188,233.753,166.894
-36.8403,-37.0061,-1.56145
-98.8279,-270.61,139.455
-234.138,-502.976,26.4452
-383.767,146.566,-777.285
-313.544,148.396,-336.323
-91.5139,304.347,113.017
-208.372,-70.0996,571.435
623.021,-204.571,-580.652
337.979,726.394,-317.057
62.8806,154.021,231.022
60.7906,-79.0728,-58.1515
-735.406,348.028,328.309
290.675,554.947,274.928
722.075,-192.688,265.519
515.831,-67.2241,31.2071
414.9,419.491,-546.701
48.2497,-299.793,423.662
41.9132,-3.00864,49.5518
-509.398,-516.643,-482.611
-283.301,674.042,17.558
-115.525,74.4179,23.699
-331.873,-374.238,574.443
484.396,531.101,321.272
-41.3481,307.874,-312.319
-442.111,-443.328,-196.759
-46.7891,-325.955,90.0737
-10.9911,-130.069,-108.857
257.847,-285.849,268.955
73.0548,46.788,-49.6492
507.497,-595.74,366.636
-117.631,188.882,-84.5029
644.687,-301.59,-47.4699
-126.423,-131.425,-188.57
426.997,441.122,-432.477
165.389,-426.246,187.408
95.6356,131.004,47.5728
120.733,54.4818,349.976
-4.99853,24.7683,-34.9019
601.238,450.03,166.193
-664.811,-314.707,477.54
-82.8177,66.8818,-86.0702
163.408,482.719,380.832
764.99,-205.619,-279.278
99.6253,28.9054,-176.558
-436.049,-422.679,-529.809
-14.5443,45.6255,61.1909
-683.705,399.566,-267.661
618.602,449.277,321.574
356.299,-128.065,-383.691
-215.084,258.835,-59.7205
47.8532,-59.716,270.434
205.984,-104.893,401.505
-111.837,56.032,31.9664
-228.24,-534.476,443.657
185.822,-178.052,-442.511
-219.704,557.889,453.758
-164.777,12.2938,-249.866
384.38,-454.132,4.18024
30.9564,68.3993,103.793
-616.5,-505.421,-176.287
0.221477,0.616854,0.0895687
407.37,29.395,336.343
-375.249,289.25,310.922
54.7267,-304.14,550.039
-25.2669,-199.634,140.875
431.021,-478.993,-302.481
140.924,-208.48,377.058
-152.733,149.187,875.856
173.254,110.497,-129.128
-270.778,157.837,-202.897
-133.095,211.864,88.3435
-475.922,-145.52,-514.82
146.289,-169.772,-217.294
-65.7655,318.032,-150.668
321.869,-683.42,376.614
-219.729,598.064,170.899
340.59,-354.323,-624.138
55.7908,-113.983,226.168
-121.554,-226.84,690.744
-264.04,-240.205,-254.013
390.324,147.105,-614.89
-318.455,126.331,200.481
28.3299,35.2098,-13.2316
713.333,-104.199,-541.727
-667.121,651.652,278.142
4.18948,4.91531,-11.7694
-419.407,221.672,239.533
-23.8037,-188.912,56.5007
-22.6546,-99.1074,23.3491
323.621,-337.493,111.154
-76.2246,64.2253,-119.068
152.824,176.23,153.593
-4.88061,-767.213,438.848
-100.245,20.2218,378.709
-51.57,27.7534,35.534
71.6511,-261.187,-69.7815
255.948,-799.526,-40.8385
-365.827,257.85,190.191
-196.339,-472.474,598.623
35.0421,-121.198,-6.57357
641.228,363.869,-434.17
-2.93367,-18.1306,91.5506
139.424,454.988,106.639
-526.392,-383.869,-138.038
18.7303,13.4356,-100.15
292.188,818.38,381.031
233.416,57.6868,-366.541
-111.5,-165.385,789.028
-602.114,431.733,278.436
595.662,471.015,212.52
-53.0319,-19.0063,72.425
238.896,809.851,118.281
44.6075,-10.2942,19.8003
-405.007,-730.745,-98.6853
78.415,-71.0576,-58.5793
280.968,-91.4448,-113.836
-545.927,-527.799,-208.085
473.419,-469.567,-356.883
112.222,10.4541,95.5037
-391.656,-74.418,483.484
556.222,64.4155,-474.075
-290.522,-107.759,56.8805
-251.926,-180.177,364.028
-29.5638,-12.4779,-16.9219
-266.305,-179.503,-137.036
284.826,283.131,199.052
-73.8037,-89.6092,-73.7528
-6.2221,1.08017,0.801598
20.2647,-102.055,-144.779
-270.552,-252.743,-221.28
51.3901,177.077,162.884
-10.7698,14.7892,10.0727
19.275,91.5312,105.841
615.113,755.333,-2.56793
80.4493,72.0675,-77.609
-1.02489,667.086,141.268
30.5111,792.14,-498.693
376.296,-901.734,-20.9967
732.045,228.478,145.882
18.9383,711.01,-479.567
375.926,-351.636,158.5
64.5438,129.63,-60.0822
-19.5272,-0.851771,-16.0569
-109.469,482.046,315.88
-104.928,-30.548,-101.268
459.23,39.4784,-697.183
663.007,-490.415,-212.175
180.516,215.5,-125.396
-195.818,-183.396,-235.959
-240.222,-363.343,-297.202
-426.394,-729.3,-415.744
-365.356,-186.072,-444.664
-236.018,-93.7274,332.264
102.464,58.3701,328.992
43.4246,-180.333,-112.936
592.742,-532.052,-477.416
21.4022,-304.578,-404.219
-50.9763,108.536,-195.173
135.106,501.337,0.729299
154.623,251.455,-104.677
-454.153,565.989,613.461
-212.933,-823.166,-22.9106
-2.82739,2.40473,17.1263
506.176,-198.98,301.24
455.202,-474.08,321.132
-71.1912,41.0134,-51.2858
272.681,-199.898,171.603
48.5973,-65.6457,-729.901
-575.041,425.412,304.764
-324.844,-560.21,-373.443
149.822,-89.2284,-297.657
88.025,438.585,-343.538
-11.5354,-2.78554,9.35845
29.3143,-83.1094,-13.9785
-259.826,-106.811,140.426
-56.2443,176.781,148.484
287.422,28.0434,-506.59
258.599,-443.777,360.099
215.596,-569.47,-755.916
-592.597,-340.079,-674.736
-298.641,-256.748,-76.3347
198.907,240.009,-253.526
-250.228,318.869,-14.9386
313.522,329.303,-379.934
-513.167,-621.815,-216.756
164.067,-323.338,-277.404
526.142,229.476,-443.201
-497.488,-291.937,296.946
240.422,728.963,-538.063
98.3849,156.197,277.15
286.628,106.376,-219.142
220.039,-430.83,396.443
83.2888,710.304,-674.135
625.197,112.131,-596.429
290.839,-98.7991,-181.457
303.247,-284.318,390.368
243.158,491.647,284.507
-14.5477,-19.5048,-21.4445
104.924,-209.486,-308.442
80.4794,-46.4075,129.447
-50.812,564.753,771.509
-166.343,256.149,-377.656
422.157,95.5673,-323.91
489.125,581.152,233.046
403.88,-674.013,-149.99
544.561,-678.479,351.285
679.213,285.548,306.423
4.91639,-42.5756,45.5962
-612.695,-539.87,-143.073
388.845,356.178,-250.887
17.1767,-24.2619,7.73164
-36.5839,-22.7295,12.1301
-227.28,-63.4764,133.965
125.786,115.507,77.6178
233.799,-79.4767,411.35
-67.228,21.2063,9.37778
-122.673,495.832,-328.13
406.459,-222.866,390.689
256.685,360.977,676.926
-257.45,-89.1895,209.363
-10.3597,-36.8641,-1.69582
211.775,-141.258,131.417
-332.214,185.431,-432.574
-9.73347,9.71569,14.5946
506.191,720.688,463.093
171.817,140.086,-24.2861
-753.32,-272.933,373.97
190.602,232.448,73.7695
-67.4845,-13.4037,41.0662
570.758,443.406,-513.613
75.7082,7.14742,-78.6541
31.3899,-8.12927,-217.972
-91.8781,-119.63,206.758
58.4516,-75.5005,-59.8131
61.8582,338.659,583.296
96.8443,22.6685,-100.627
-37.768,8.68571,2.78386
-321.711,-261.917,-48.3389
-2.24257,-25.8748,-0.880742
-6.38546,3.15885,-4.82041
-190.023,-358.077,322.59
155.642,407.449,783.929
551.58,454.264,-426.73
364.209,271.704,-73.239
-259.88,-449.341,265.153
-315.79,322.678,11.794
-139.104,572.514,-273.615
-142.315,-107.752,-72.6066
-136.766,14.071,172.077
781.446,26.8003,-424.546
-639.795,749.766,37.1842
222.471,151.05,212.093
163.915,156.472,0.657037
282.368,13.355,924.61
266.017,-148.077,-776.757
-37.5777,-29.0446,-0.260885
4.43219,1.51635,-60.6819
293.602,-259.441,-208.108
145.872,40.4211,88.6907
-524.373,-489.713,-605.186
-205.469,-218.608,-516.944
-411.031,31.83,752.738
-275.306,-287.951,178.659
-105.278,481.809,-118.403
-100.358,74.783,-63.413
680.203,-182.395,406.501
-67.8557,-76.7605,75.0551
346.79,65.7728,288.934
-39.983,-103.076,-40.8679
223.931,-171.76,-29.597
16.1896,162.387,207.979
-1.71553,-0.285405,-12.5066
31.5709,172.598,-202.443
515.161,186.739,-361.795
296.766,-266.977,-212.309
377.181,-78.5669,194.469
-330.354,-534.01,-513.151
31.7598,64.1956,-197.351
414.297,357.223,-24.438
-94.6803,-86.8769,-26.9899
635.65,-68.5174,-185.363
-57.1962,630.829,606.056
224.844,-63.1326,624.164
-344.579,396.445,352.481
-24.5324,17.8121,-7.57515
-70.752,-63.5914,-64.5041
98.8869,359.947,605.704
-509.325,-234.346,-482.617
-105.901,-852.217,256.937
521.158,-181.28,103.253
544.528,-686.122,-123.514
403.259,-450.762,124.677
-7.16589,155.163,-227.619
490.095,-358.834,-470.743
2.55119,-73.4806,104.037
181.162,-264.986,258.337
366.08,383.499,-17.628
251.077,-323.895,-123.52
158.702,-634.089,-752.803
392.094,-223.588,341.12
240.92,-385.17,-52.7102
-346.6,534.643,-566.417
-247.829,186.713,-248.085
447.323,56.6938,126.841
-175.681,82.7828,-68.273
-7.85007,-14.2071,88.4973
-116.408,-102.048,116.559
491.8,359.766,466.648
-20.847,17.5579,9.44442
295.2,147.167,-72.7275
297.5,-790.79,-238.895
96.2597,484.603,-333.207
-395.303,897.561,-39.8775
-6.39258,-311.834,470.867
-73.3141,-86.2286,-8.73396
-82.8799,-1.83248,-13.4646
-30.934,10.4349,43.5864
158.997,-132.644,-303.972
-27.0307,16.6349,-14.596
194.361,-332.774,252.113
99.5496,-75.474,76.4884
-271.675,219.248,-100.56
315.399,-306.022,65.1707
-307.171,398.152,313.437
-0.939994,-2.9133,7.23011
-87.7768,103.235,-56.4915
-66.6335,-263.91,-45.9369
-159.465,-195.521,643.007
51.4723,-199.84,244.635
174.112,-178.469,42.7965
-189.991,80.4891,-69.1489
250.925,-180.335,338.788
-465.773,176.767,-507.681
54.2512,-271.99,-930.999
-135.228,197.369,-13.1959
-84.1595,212.877,63.1896
-552.025,-1.89556,-692.687
-101.83,-737.435,-381.711
644.322,-282.569,57.1129
-426.949,153.57,-801.801
145.08,-347.206,380.499
7.19046,-274.265,-342.027
245.726,146.252,-245.8
-470.215,-199.767,-295.288
-2.11929,-49.6114,-634.373
-135.614,471.186,-214.388
-34.659,39.1162,0.805625
-9.68386,-201.062,353.509
23.1866,-180.482,-49.0402
-526.771,-200.695,516.383
-215.859,-581.105,314.525
38.8895,-176.924,28.6184
118.313,415.11,-383.77
-7.10433,-431.644,-199.323
-159.855,190.586,-79.2053
177.175,251.19,30.2554
-62.8549,196.452,-243.162
3.98404,-11.4523,-11.3946
553.969,-739.591,-189.534
731.064,-448.647,182.006
-438.214,-201.352,240.183
333.123,34.4042,264.664
81.4965,-76.143,150.36
-485.675,417.934,-288.803
2.67822,484.361,-318.347
-598.133,-208.185,48.0642
-488.385,-433.54,-164.068
-224.264,-294.821,-891.837
-17.5739,34.3442,5.31325
-39.4269,14.4544,-32.284
168.459,-11.3539,-380.244
397.401,-534.307,-369.883
380.847,368.007,-371.881
-728.22,-531.405,360.598
-89.868,18.3055,210.274
-252.349,494.969,330.755
-12.5535,60.729,-67.2517
437.192,-105.786,-102.536
54.9431,-95.0364,272.465
-308.627,28.5295,-195.56
-448.126,-792.745,-52.4598
-84.5654,163.715,-117.151
3.05798,-192.775,349.683
268.118,-263.905,307.491
13.0229,28.3772,850.471
22.015,-119.194,168.798
-70.7139,39.0046,122.718
101.671,26.414,0.663697
311.019,95.189,255.017
18.7041,-159.704,54.5623
108.084,-50.988,203.351
243.431,203.91,266.89
-6.72696,11.3368,-11.1585
805.668,-523.671,92.2017
19.8259,-407.05,389.117
-32.0335,-604.067,350.332
-273.487,73.2731,-251.656
251.409,542.423,-475.895
-319.568,33.2327,140.92
-946.913,-32.88,-311.693
-157.808,148.714,729.177
-9.37369,-68.9151,-70.4229
-82.6823,176.358,4.22304
487.583,-71.0031,-431.229
-160.584,120.085,589.22
-122.467,-220.191,-235.933
-228.131,44.7846,181.246
-121.218,-62.2764,-50.9913
596.948,609.563,373.602
-181.77,353.407,-203.824
-318.83,208.804,-334.51
-592.887,229.509,-668.694
247.669,287.968,-202.094
625.03,584.412,-123.973
241.313,119.644,137.16
435.112,122.247,-376.154
74.1953,-249.25,-793.61
132.311,105.665,55.3422
-179.097,-60.4453,168.301
-173.329,582.843,288.71
-85.6245,192.195,440.051
12.2995,62.298,-156.179
464.543,661.448,204.027
31.5591,-512.366,93.5957
-510.069,-133.327,616.249
66.9675,49.9784,-35.1798
142.797,-263.531,266.983
3.32405,-16.2362,215.173
-371.374,76.787,128.683
60.6967,132.971,38.4118
-44.1675,-226.669,66.9305
-518.927,-8.6664,-445.87
366.225,-616.003,-351.023
88.0673,-284.954,266.206
36.1155,-245.581,333.013
-223.293,473.898,-518.199
-342.578,153.12,594.939
-441.845,409.521,-159.418
116.126,218.023,62.2192
-196.855,-266.173,-136.504
-500.608,410.879,-234.046
-209.819,377.037,878.358
19.3868,-11.7121,20.0989
-104.196,205.047,-310.466
206.868,-483.829,-597.928
-225.5,148.083,229.806
383.672,209.32,-61.8391
-542.323,-298.071,-333.942
307.247,-268.216,-253.37
780.624,-557.879,-224.095
440.119,175.59,9.25904
-117.87,-43.786,-84.1493
-89.8946,-164.451,39.6473
-237.028,-466.739,390.7
168.903,-601.442,-288.777
200.237,-88.9482,84.4598
92.8353,-35.0183,88.265
480.012,90.4239,401.624
9.51685,-2.24175,-1.39284
553.098,727.053,-392.73
-228.466,343.548,-372.233
-264.971,345.055,-101.46
-170.231,-125.7,141.01
709.208,-102.899,-534.732
326.432,79.7404,285.157
161.025,-15.1294,4.8933
-53.4386,20.6422,56.1489
-122.017,216.678,33.7212
-79.8955,30.9569,37.5351
4.14256,-0.809781,16.4885
182.287,-248.024,-19.0913
-25.6918,19.7094,13.6966
-718.833,-170.532,-414.434
121.426,341.997,-297.286
-510.25,185.746,336.321
281.224,98.6032,728.143
-816.208,561.334,-113.031
5.22668,10.6114,-18.1543
1.997,206.874,-129.96
-105.875,-409.951,156.847
-101.148,-627.137,513.647
202.184,-394.834,-608.056
-25.7916,33.7626,3.82069
-464.905,531.071,-164.666
-124.422,-79.5815,-427.227
213.909,614.313,109.935
-840.556,-228.795,68.8999
425.377,-443.77,-195.904
-513.088,157.719,-607.784
-211.552,-22.5676,-181.654
304.488,214.905,-703.676
-111.038,-151.422,-112.703
436.863,385.149,-782.942
-308.273,-311.935,30.2496
130.853,-738.912,102.386
-7.71492,46.5007,-204.143
107.858,859.939,452.487
-679.292,14.7842,419.21
101.84,367.166,171.249
-116.51,120.615,-22.2227
-107.695,190.707,190.334
721.538,331.123,-297.664
162.435,-5.18082,-98.3288
651.907,-567.761,-9.38053
60.2787,-137.911,-25.8492
178.616,26.1685,-163.153
-255.767,-190.142,391.418
-214.592,-337.764,404.289
-618.625,684.801,98.5959
-564.782,-269.718,510.809
-213.232,23.4061,-112.646
601.361,-469.286,-483.847
-325.877,188.419,-291.903
-130.403,-73.4548,-142.94
292.844,470.329,-328.067
411.32,526.964,-220.38
276.254,29.2801,90.3736
-104.131,-223.868,-126.642
496.802,-70.5478,-35.9374
8.58327,-63.9027,263.365
-664.589,-304.974,-51.4687
-139.633,513.573,604.634
-29.3064,-54.9937,40.377
-524.609,238.115,9.31506
130.909,209.975,-185.474
502.853,492.304,195.446
28.3232,123.478,18.0033
-20.8042,123.483,270.543
-83.3764,117.721,-20.976
206.683,-202.713,370.068
-119.921,-156.932,258.755
353.38,-373.84,-638.492
12.0038,-439.506,-28.3445
-217.381,39.1,74.4987
7.44139,-44.0606,52.8958
-162.315,-302.405,167.119
-583.444,-447.112,105.661
513.07,168.108,229.104
389.26,-492.302,290.617
-790.315,-126.194,353.974
-115.568,264.622,-68.055
-100.809,176.278,21.9243
159.333,773.867,531.319
-229.519,-329.465,237.856
-190.748,202.208,88.8511
-527.274,-395.468,-552.449
123.435,437.52,-212.244
-32.0256,-270.012,-355.434
144.549,-392.955,552.513
-433.311,670.266,268.642
7.06347,-161.075,97.9198
-41.3865,540.184,301.282
-303.213,-423.777,-120.252
-102.392,76.3421,28.5128
153.385,567.681,210.309
-350.105,551.71,-431.911
0.534911,-203.692,193.716
-158.981,-303.238,60.6777
-20.9867,-30.6409,-21.3643
-94.5143,-337.638,-0.208464
576.775,409.264,655.517
-55.5306,-67.7687,-56.3157
358.338,-556.447,-312.372
200.191,-613.718,72.052
-16.7239,27.1915,50.7642
-33.4039,46.4303,-36.1964
21.2565,97.4678,-24.6847
268.029,-494.365,566.089
-76.8535,271.33,262.152
597.053,-550.891,-354.275
-165.839,291.061,-304.853
-25.7675,104.314,-115.56
31.8,499.587,-708.651
461.898,5.68837,440.8
271.85,263.58,694.801
-11.4045,98.7009,214.418
12.917,-675.587,-523.466
-33.3759,-87.4201,119.573
555.566,-541.74,557.213
-94.0039,367.05,283.477
207.748,-301.533,128.505
83.1427,273.348,368.114
112.813,678.352,-395.523
-9.81119,87.4786,-608.689
-1.44581,-2.0709,-0.990331
-4.62951,-14.7478,48.8414
-263.188,-140.474,-486.48
24.9551,261.954,223.997
-53.5594,-401.852,-92.8646
-4.17572,68.4274,76.3714
-76.3066,319.899,541.931
399.036,-257.883,-348.578
-675.527,165.889,138.961
-455.978,268.542,-250.244
-217.286,-182.125,-114.733
606.505,337.12,442.037
-126.302,160.434,-153.252
633.953,-517.939,276.201
-563.383,194.019,96.2518
-111.498,-103.368,-93.4233
-61.0354,-27.1097,661.09
231.804,440.318,-470.376
-4.04448,-100.924,-37.8528
269.99,-568.642,200.112
35.3508,81.2536,-324.963
-15.5901,576.749,280.701
89.4743,-178.765,-881.247
-99.3015,-260.634,-824.65
-630.298,-771.449,-1.36418
-38.4695,721.493,419.564
-12.7673,-5.34006,-15.253
166.784,175.457,-133.627
-288.361,473.693,-117.403
-423.583,-133.341,-35.5795
-458.138,-882.293,21.9774
240.45,-540.835,-616.352
-455.008,290.943,187.156
-68.7571,-1.78832,77.49
48.4862,-221.665,-241.838
223.51,196.55,148.059
-50.5564,-74.2959,2.08246
19.4049,113.35,-6.37526
-68.4483,-62.7628,79.0682
77.1353,410.936,412.049
-197.686,-59.4959,-219.048
25.4713,-22.762,-31.128
87.4194,-198.317,256.167
833.238,252.127,105.602
-6.54187,309.493,9.38279
69.176,-85.2726,23.1153
284.378,618.404,615.096
11.1263,-69.9679,70.032
-362.06,238.227,675.877
8.90883,-17.7871,5.11788
222.414,4.54868,233.797
37.0916,370.733,-121.005
590.038,-187.948,-730.817
181.692,-408.609,-107.545
70.3616,-131.784,392.281
-280.36,124.448,-226.174
258.131,-212.531,1.21427
-736.121,-241.528,-218.776
384.274,-366.891,-76.2446
489.241,634.978,399.249
166.66,49.227,182.205
343.634,-115.922,-279.25
84.0306,-33.1171,2.22899
-268.8,518.837,89.3611
56.1183,-222.091,165.747
-216.262,-32.112,-496.831
314.899,97.4846,-198.472
-71.5656,-490.078,594.453
248.825,-262.206,39.3231
424.119,364.232,-604.663
-43.6359,463.757,-317.818
30.0436,-258.086,14.3387
17.3308,128.67,-70.022
304.837,279.285,-140.428
-209.703,230.333,-133.165
-269.454,-159.112,55.7051
-171.99,441.367,87.7943
89.0857,-243.939,19.1164
-496.354,263.216,125.696
-599.485,373.467,451.114
-214.229,-138.126,95.4311
9.35276,-100.984,-95.2148
11.4204,267.007,-105.868
-434.693,319.269,-400.046
-8.90047,-112.064,-6.65717
-76.2609,628.683,-123.208
-98.8632,83.708,-98.3487
-231.474,61.7309,8.71981
723.929,517.881,-146.934
-705.668,-507.697,39.1032
-16.8539,-491.526,-350.551
-117.935,-492.865,502.154
-202.192,-146.057,277.863
-1.56856,0.622418,-0.521736
-15.4433,-3.29032,-21.7743
85.0296,32.0388,9.38882
-86.6991,-292.082,90.8259
-50.2792,486.638,440.575
65.7456,-7.06592,67.5835
-59.0881,51.9195,436.929
-73.0703,431.481,324.549
517.096,-173.67,515.303
126.822,72.7748,-134.458
512.22,440.61,-519.457
-369.916,-32.0275,-9.21172
599.335,446.775,266.646
108.344,155.333,200.27
85.2206,471.52,-357.345
147.965,510.941,354.986
-50.9148,25.4809,-4.766
374.993,308.508,-481.618
597.845,195.749,-104.949
40.6716,-434.838,55.5411
53.3257,725.98,-664.015
-142.473,175.475,44.5836
-372.97,72.1326,-42.3991
267.063,-534.924,-327.087
432.845,46.4528,290.142
609.764,171.172,-123.231
-15.4414,3.79814,-3.90797
36.1437,-24.5876,49.4732
-312.492,-255.804,-228.939
250.627,-101.864,-88.0924
303.575,792.478,-339.934
-22.7326,135.261,190.174
-403.498,-632.843,355.252
-80.4621,-36.2162,-374.686
175.11,673.732,-346.102
-113.992,-4.76202,115.723
117.636,50.5067,35.4848
-40.0526,395.808,217.799
246.245,-398.081,258.312
229.011,-139.453,-143.21
610.801,172.41,-596.351
-53.6042,-244.342,39.9141
-368.585,602.465,364.506
660.827,259.428,-556.698
37.2148,-255.542,521.986
-259.154,419.759,65.1323
-120.649,250.103,728.28
-3.75048,537.534,188.335
21.9894,66.5945,-63.3681
-132.124,-277.139,17.0595
490.343,-373.032,618.191
134.356,576.444,280.752
700.954,-415.158,-461.392
-186.464,-218.645,266.63
156.337,519.133,-76.0125
-150.112,-283.641,-684.747
-243.591,218.502,156.119
559.705,346.489,-225.368
7.25593,5.03482,11.3864
37.1929,-80.1513,11.0863
-297.729,-149.816,-754.406
17.2336,254.063,602.016
-191.795,100.273,-575.423
-320.568,-300.467,-308.717
199.063,-67.8724,-710.267
-446.019,-709.24,483.2
-198.468,-733.379,-434.816
281.683,410.817,-445.835
424.497,-840.188,112.243
736.038,514.536,120.214
-197.12,-215.888,-728.512
217.701,-22.6293,-161.272
-700.335,-679.749,213.447
-728.119,124.93,-309.875
-50.6445,156.885,-216.592
379.395,277.31,423.495
-143.075,-453.42,-738.676
218.399,-8.65021,-174.66
373.329,271.094,-529.504
229.753,-25.3286,-217.217
-356.448,307.613,-197.243
-29.4936,15.9119,252.189
93.6897,779.756,-25.3683
57.1349,70.4869,-23.3207
-424.413,69.3559,327.536
888.964,-21.0511,251.001
-157.798,-274.648,-783.841
-213.024,90.1328,142.33
71.3637,58.8162,16.6269
-291.937,267.56,75.6614
425.498,277.298,229.969
-208.545,-61.3661,-44.7416
16.3339,385.21,-187.02
-122.43,-576.463,151.732
-234.009,-309.801,253.023
-110.584,-185.114,326.92
369.691,-245.856,35.8617
-613.757,-371.581,529.298
-87.4185,4.93059,-360.416
-95.0283,3.3086,-94.3041
-18.185,6.54908,3.46031
-708.94,81.6054,555.675
-172.512,-139.186,-361.676
-72.4469,-184.85,-99.3515
349.411,-48.5582,-446.222
-441.546,-59.2598,-530.237
397.46,-491.365,-502.656
-53.6023,56.5288,9.27768
472.372,-440.708,-668.16
172.28,-765.008,-249.859
-37.2555,120.929,597.224
-188.668,-127.289,-122.822
-722.373,118.75,665.306
747.235,553.843,87.0721
212.304,-27.7679,333.317
-156.238,56.3771,307.24
-54.3254,-38.1508,22.6841
-121.957,357.173,-428.794
-422.103,-5.83211,413.288
17.2614,-33.3066,30.2194
487.509,-210.445,682.953
-299.125,-304.024,95.6313
191.149,229.507,100.007
58.1111,-225.344,-67.2372
92.0649,-322.033,199.121
469.639,211.183,16.8354
98.9413,-75.4185,69.0209
111.503,-318.136,-138.817
109.899,-25.735,163.84
222.053,59.6019,93.7785
-419.017,-335.378,364.509
-282.717,101.573,330.964
-450.96,-49.8532,-119.118
128.392,-156.023,-252.06
172.506,158.662,-248.361
-359.61,-700.752,535.167
63.5818,-84.9725,-2.85336
-657.865,472.045,345.38
-284.626,-193.458,96.1177
-395.297,-206.69,-448.125
340.682,95.3909,371.082
305.792,138.728,431.591
-382.741,-324.194,-399.467
-430.187,-150.206,201.595
-273.773,-271.754,362.413
-20.1201,-143.792,357.6
-174.053,88.2836,194.482
-872.428,-322.649,228.036
411.618,-101.679,715.555
-20.5071,272.38,71.7356
23.5769,968.495,66.1514
86.6658,-513.663,-184.845
161.85,-96.0531,-106.254
-121.481,-83.2955,161.669
133.645,-2.03401,-25.3282
-504.281,-551.844,258.417
-119.932,-37.1743,1.64863
-62.1912,-16.372,-135.237
280.701,38.8202,-59.3867
290.915,2.93957,312.108
660.148,553.759,-198.495
-98.2992,75.5661,8.12382
484.762,-2.20647,-367.975
147.011,-46.967,-140.876
-15.6474,-68.8116,24.8917
-211.971,239.261,325.406
-71.2627,269.425,330.157
-399.246,359.327,115.346
-36.6257,271.051,-209.877
-401.162,-121.904,-28.7262
-135.185,590.037,283.696
518.624,171.986,163.106
692.714,-194.825,566.966
4.88002,3.84863,11.3412
-6.54806,-5.48686,2.99265
-378.726,-107.161,-825.225
296.918,142.714,289.217
387.181,-517.991,205.198
-71.0457,-27.3693,47.1999
295.502,48.0174,115.363
595.113,67.795,-669.197
406.75,-869.478,13.7724
-713.108,-507.611,126.243
-407.745,-310.939,618.98
279.832,-537.121,472.178
241.628,434.7,94.1932
538.72,216.747,350.202
172.946,219.095,-706.839
55.2458,-21.1413,20.3846
-453.625,713.382,488.373
-574.974,107.868,488.291
378.744,-690.788,-70.2855
-249.619,-210.263,-145.237
-207.86,242.728,286.354
-73.6186,-555.856,500.319
487.244,302.676,486.418
173.514,10.6446,-779.723
-275.074,-28.8677,258.948
-369.883,-608.637,-485.65
46.0334,149.245,388.774
343.157,478.57,121.344
10.5749,72.8565,158.386
281.489,-74.4731,-134.34
380.204,-178.78,218.103
-494.495,203.919,158.87
-154.568,-278.884,176.61
83.909,-169.894,79.1796
-60.3068,441.192,-114.046
127.023,202.207,-210.988
-314.128,-473.207,-348.308
-177.902,-502.485,412.603
-355.225,173.307,491.98
-631.206,473.694,141.291
-469.657,-280.493,-465.209
-186.706,33.7649,717.523
356.194,358.231,-135.33
-28.7934,41.1673,-64.1243
-266.135,354.531,-464.586
6.45464,7.75351,5.03023
-123.22,70.1861,155.066
478.317,228.574,-720.877
138.457,-14.3084,285.715
-537.637,204.927,464.635
60.7036,-115.357,167.672
331.427,-165.568,-335.092
-62.476,-72.9673,-260.675
-602.969,-239.947,-393.007
36.8533,77.5177,-40.7758
13.1221,196.696,-48.312
-556.518,621.358,317.88
186.76,88.7421,26.5754
487.245,-329.26,345.52
-1.01574,3.79576,-13.8158
355.676,-207.252,-391.085
-635.94,-402.143,451.996
-610.103,79.5568,-160.493
-52.5451,147.302,-355.798
-420.179,-92.1886,816.513
-98.0019,-751.589,221.711
678.426,-166.778,-606.836
68.5463,-591.119,503.506
24.1325,14.4131,8.13289
407.678,54.1098,435.549
330.56,-13.7,281.123
-633.754,-472.257,-132.131
-74.7066,243.711,137.467
-14.9321,121.705,-300.39
-48.8676,-550.255,57.3071
24.7701,22.0538,-22.4945
-224.249,76.3767,-65.5281
-65.2723,-32.2736,50.9527
-219.238,-551.161,628.344
-172.837,446.366,330.554
-148.735,-148.143,-152.941
186.347,-43.7205,79.3656
5.13157,-63.4125,65.7006
70.7387,-683.146,565.134
204.034,-600.326,276.117
-76.9058,90.5681,-236.473
534.517,582.617,314.793
-39.751,-58.0824,-18.8875
843.758,10.5148,-15.6972
112.154,33.0366,-12.5263
669.694,559.148,319.695
545.171,159.41,-494.346
-25.2852,81.9606,-353.945
-274.602,670.281,-567.479
-87.0802,-54.3702,187.257
409.016,292.352,142.402
-395.944,-274.289,-109.304
316.864,76.6242,431.684
-79.2296,-222.297,-683.071
448.935,-387.831,-166.746
-87.8603,104.785,-279.435
60.1741,-126.603,410.765
81.7689,-439.629,597.483
204.186,-150.338,221.557
-435.058,-78.4371,703.286
407.772,259.506,709.209
-103.095,-14.9207,-172.807
981.85,-125.882,-72.5184
189.911,-86.2291,10.7113
124.526,-303.611,158.597
62.8135,292.142,669.097
-81.6679,246.654,135.022
-17.2696,-539.048,831.509
618.414,-701.827,-250.546
561.592,339.856,489.807
509.976,414.428,-401.543
603.195,169.42,-592.86
-41.7165,-9.37493,-32.5595
-7.46537,3.92572,24.3847
536.934,27.9179,388.227
4.78854,-31.2308,-25.9577
-28.7211,41.8304,-26.2981
-165.411,-281.985,194.389
586.636,-81.3325,-492.752
38.7048,205.506,-679.433
124.594,108.889,213.286
411.189,29.0986,-422.877
476.049,828.877,136.986
-588.414,-352.041,-342.744
-11.871,-25.054,-22.6305
682.037,641.286,117.72
462.035,-282.018,-27.0972
242.166,582.516,-628.025
673.511,-499.058,-140.351
-405.243,-271.663,-300.094
786.136,-519.072,225.639
-388.117,-283.501,-375.36
63.916,54.7901,-68.454
-91.3422,60.1653,-249.831
177.216,177.631,216.967
-33.5801,-426.674,665.82
310.014,192.495,-238.709
-170.246,-816.391,-528.301
377.551,-692.491,-575.971
-556.859,476.498,233.285
728.575,265.312,-260.13
-333.72,75.0094,85.3172
-17.8013,-631.079,-671.749
-90.4578,-215.88,-210.288
48.1485,-46.8483,-17.3547
-168.612,375.923,865.826
-127.763,171.555,24.7095
-157.834,611.692,-336.64
224.657,210.26,202.448
-133.654,-154.986,-15.3514
-469.659,-322.48,-40.008
134.277,-286.902,149.044
33.57,388.523,262.208
-506.775,392.048,-449.972
45.8465,121.111,99.4294
-198.499,-42.1891,-166.498
302.09,463.909,-228.972
264.659,-371.03,-43.53
203.092,163.193,-44.1492
-389.322,-99.8975,-407.984
-62.6338,64.2327,16.559
-177.756,167.635,-264.978
73.2504,-113.132,-70.1794
-18.445,-3.97732,62.9525
6.47172,-59.2945,230.531
146.403,-697.905,289.718
433.219,552.197,-378.416
-199.144,41.4642,307.922
-17.007,-10.6328,-22.6277
419.252,-166.468,-652.572
-379.272,215.21,-20.4761
53.4588,-11.1577,91.7458
-38.568,137.804,406.248
-201.634,173.683,716.77
8.48572,-234.964,92.9614
294.972,696.356,-187.576
-528.865,140.616,475.408
-396.711,392.272,321.635
-408.124,130.506,22.3664
-405.748,87.2744,-303.828
23.9189,-271.834,83.8504
483.812,-429.172,-346.097
489.948,-409.368,766.064
167.253,-108.239,130.014
-304.273,-798.328,53.3301
-11.8255,33.4723,-22.0693
19.8779,187.988,-181.89
45.4195,73.7493,75.8756
432.393,223.842,-293.172
-28.8089,-173.387,105.727
-290.209,50.7694,-298.163
-2.68276,18.2897,-19.5061
402.537,490.011,-554.113
113.981,258.153,234.357
-37.0531,3.18744,-281.273
49.7344,717.42,104.831
223.025,593.964,-553.122
-84.5653,38.9936,64.0674
171.926,213.386,20.7829
-335.566,-222.677,314.69
260.475,-630.324,708.745
-606.576,-373.071,85.513
-328.232,100.447,-243.424
-16.3233,53.6179,46.029
67.6856,56.2531,256.627
-180.997,-86.1428,246.46
487.32,-259.232,-517.114
-289.958,-174.699,-89.1619
-18.9829,146.915,121.47
61.1859,776.432,-507.354
-343.807,-304.303,-152.818
104.962,71.2369,-106.961
529.42,-399.728,706.768
-535.778,-427.232,93.27
180.111,271.123,-280.13
-34.7244,116.184,546.717
-22.7523,14.3683,112.966
578.993,-355.447,-537.292
-166.485,-169.962,241.543
-477.676,-470.696,-39.1352
-104.169,-124.9,-282.827
-652.056,613.717,-73.2079
-318.472,278.757,272.298
82.2001,124.809,-52.9174
-307.931,37.4081,106.934
139.94,-72.1906,139.521
574.757,370.634,52.7786
1.57188,11.6544,-3.09482
47.9489,-52.143,-17.5419
-155.915,-19.5517,-127.064
-283.1,174.412,-253.447
-671.212,-295.927,549.603
-238.498,205.772,120.577
101.114,56.6852,-152.518
-465.902,364.006,485.337
-194.641,63.2793,123.548
203.279,72.1563,82.5882
32.87,-58.2601,-657.012
477.339,-206.431,517.878
-328.829,-97.2953,81.6094
-118.469,642.168,-84.3847
117.143,-105.685,218.002
496.319,-312.965,231.608
-437.336,717.454,453.746
-155.219,295.192,-513.534
571.848,109.078,514.836
-523.222,497.512,579.215
128.214,-866.824,-419.177
111.137,536.572,-358.014
-134.04,235.154,767.962
-226.652,-222.038,-228.701
21.2501,-23.5166,19.2569
-287.909,212.304,-267.682
133.849,14.395,132.652
-150.939,577.682,361.754
-153.842,-137.004,39.7274
-204.669,163.921,-5.06264
-173.505,-22.0576,193.753
68.0252,-454.728,-717.208
-32.3603,-8.48861,57.7848
97.4739,18.5661,715.601
-80.9559,13.8485,-44.1019
285.127,-118.579,-286.078
421.442,148.485,529.033
66.9888,11.0857,-35.9998
343.504,-277.243,85.7809
680.348,444.979,522.11
-516.892,-472.719,668.23
97.1651,-301.475,-357.633
-217.093,-880.556,-370.989
-79.7718,-59.589,-69.5886
-136.771,-70.5861,208.381
-185.803,-117.409,-150.457
-126.409,-148.595,-134.403
-279.792,-552.653,-234.613
719.148,-629.339,67.3218
746.553,-315.52,539.121
-213.014,-224.719,-151.217
-227.624,-555.123,543.986
-153.785,-130.045,1.38034
74.2414,273.333,521.657
0.0761647,-1.21854,-0.356379
-574.646,-605.272,-525.009
57.1181,-182.358,169.407
6.5274,718.15,363.053
-78.0222,8.87266,10.7969
422.025,27.4132,283.772
406.782,540.711,-407.153
-141.478,-462.229,-341.7
192.153,-152.129,300.957
669.417,-533.403,308.402
123.32,-123.892,-114.797
-56.1496,137.741,139.436
-136.504,-41.176,176.208
286.735,-924.212,-42.6968
12.5893,32.6037,-7.96082
-457.612,403.921,138.608
43.3006,-22.8782,-33.2257
78.1905,299.66,67.688
-175.911,342.475,-43.4168
-554.205,59.1553,426.64
6.09259,-144.927,-79.6255
66.8088,-305.41,-408.498
-184.083,239.848,-98.5433
771.999,-545.807,-296.132
-697.495,-10.2091,207.711
39.4362,66.0901,-80.0391
-50.4437,85.992,84.2083
496.292,568.378,569.703
58.0908,-305.926,-55.8013
315.182,295.088,488.81
80.0623,-80.7058,112.408
164.831,-132.877,159.218
428.882,426.174,-161.008
1.96256,-256.935,-9.63283
-326.802,-330.996,360.47
31.8003,-151.445,-98.1153
-128.346,-72.2127,-70.3514
-68.5193,88.9892,121.357
-28.6539,22.1492,-71.0172
-727.713,87.981,-363.63
105.541,106.563,94.3033
-4.13024,359.795,-298.231
584.226,-606.749,-81.4437
427.078,-493.041,419.609
538.652,316.568,774.19
-311.594,297.964,-99.0516
265.465,595.498,498
-66.7384,-650.988,175.102
-145.795,-143.359,117.368
-152.413,5.68237,170.975
596.704,-323.759,-608.627
-151.566,226.086,-54.0322
-678.025,620.424,385.492
-525.876,261.081,-495.009
1.82819,2.10382,-6.12174
255.31,473.098,-26.9339
-54.2726,113.142,65.1566
783.643,-211.386,-150.423
-184.217,-142.354,-184.733
317.088,-292.705,34.2689
-460.327,-278.729,315.967
-0.13193,-27.7764,51.6095
207.997,-560.703,-143.107
24.952,-461.495,554.965
37.2138,-237.648,171.39
126.05,237.277,-296.461
329.157,-126.713,-210.423
-139.151,-835.249,-299.206
-1.66774,-0.497129,-6.64108
476.617,386.063,354.514
-344.568,345.756,103.098
-8.95709,49.3377,23.3469
545.606,-332.859,-640.755
0.581193,-500.318,553.54
16.4298,4.02308,-14.51
-3.96565,2.06565,-6.12648
337.709,-389.399,276.985
-80.5024,73.4068,-75.0394
-22.7634,40.6864,158.967
-5.86949,-0.497093,-56.6503
-243.235,219.912,304.145
489.873,-310.497,588.675
-277.663,382.818,-228.858
370.242,-410.864,686.46
-444.579,-366.936,-717.628
-5.30133,-62.0522,88.9569
12.4291,-4.42374,117.06
-6.84466,4.92721,15.0369
329.32,-96.9569,-299.13
513.603,569.93,-358.699
425.985,18.4291,-243.694
63.2622,-339.631,119.665
820.153,-118.61,178.28
-308.413,-389.361,-221.816
278.322,-215.132,106.489
278.078,435.524,-340.862
145.109,-142.073,-127.434
-173.373,-88.5986,-174.24
120.034,457.419,480.365
78.3295,519.238,23.1156
-79.7506,629.479,-385.582
36.7069,40.8096,48.5233
386.721,-418.495,116.546
-550.217,-150.476,178.313
286.802,389.334,-86.7228
88.3533,-36.0663,-22.918
296.439,134.703,-68.4377
117.809,-216.533,289.911
-46.6334,313.761,-652.304
116.079,197.884,142.603
-389.82,-14.4895,-367.919
458.891,12.072,-150.054
-107.765,93.4286,-29.4015
-823.291,206.982,-59.3925
-571.748,-548.166,-157.551
-796.208,104.963,-142.189
365.917,-774.972,411.447
197.789,-524.756,133.879
-475.701,-260.739,101.682
-161.5,-313.724,-143.006
-103.445,-101.757,313.048
178.857,-210.236,176.203
209.887,-642.19,-450.866
115.031,25.0688,11.5444
551.249,245.522,636.126
-156.268,150.763,-153.128
-422.529,200.707,-344.386
-2.46311,-0.685257,0.144462
-210.538,-497.445,-563.515
58.993,-45.8479,-886.387
163.955,-628.46,478.795
469.113,-513.667,-485.516
-95.2944,18.3001,64.1888
62.8861,53.1143,-42.9602
-268.168,384.995,616.91
-95.3724,132.643,-173.762
-137.994,-266.636,582.215
680.818,-94.9604,-438.937
-580.172,362.255,-551.707
47.1236,-572.119,-132.839
578.607,548.341,47.7408
149.293,-68.1169,14.1179
-238.272,-540.256,-97.7949
81.4288,-95.5025,-68.7231
-341.887,793.587,-16.6917
30.3544,31.054,-57.6246
326.732,586.364,79.7068
-501.363,-295.48,417.497
-123.6,110.58,51.7409
-68.387,98.7859,-170.29
410.756,-793.152,389.23
431.7,266.583,-477.182
170.835,37.003,700.747
-901.426,384.859,26.0237
436.888,-704.512,-323.842
247.581,-226.461,270.411
-136.258,73.2791,-52.1098
251.833,-49.8176,168.73
10.409,-5.77244,18.6901
134.884,44.9894,-264.509
-282.581,2.02784,654.97
511.372,637.689,-92.6421
-2.21318,35.6299,-89.2087
2.11103,678.433,333.668
-348.662,-108.218,227.176
134.046,-203.586,101.555
-11.5296,6.11859,-25.2654
616.252,678.75,94.3027
206.325,162.68,282.843
497.617,-467.352,-470.012
32.7651,-68.2704,-371.538
-422.359,-258.207,-340.982
429.301,235.577,622.076
-209.295,-593.44,179.858
616.139,-510.55,351.602
-194.193,-169.781,-97.7343
-9.98539,-421.942,703.867
438.944,-268.84,-308.942
-166.63,94.2624,947.189
45.7198,321.179,-245.333
477.315,389.612,-339.424
179.822,495.484,-496.357
13.4236,-0.878133,-14.7148
-147.039,73.4989,-122.496
27.6893,-198.319,-22.5712
-279.337,85.2277,-369.618
185.291,569.751,-778.725
-243.629,-248.991,-491.025
420.484,456.961,-160.953
3.19196,-5.5784,-2.24132
273.052,-746.697,19.8283
-62.509,47.0154,165.646
-424.738,-260.332,238.212
13.4054,-22.3597,26.1968
-189.65,271.062,-227.991
31.0267,714.81,455.784
69.5686,141.558,96.7768
-12.2703,32.1353,-74.8341
-76.4529,10.5364,58.5903
102.446,77.6538,-139.601
482.099,-515.963,-215.081
-261.993,483.38,-491.493
393.774,-403.988,623.686
-2.16541,2.34241,-1.17165
211.648,295.739,149.216
-205.951,448.121,582.837
-157.595,-26.4523,155.879
12.8817,-31.0588,46.2876
-541.31,475.37,-210.952
582.51,241.979,-538.46
421.219,200.143,418.212
73.6449,-107.447,-374.047
364.107,-54.3532,-200.697
-204.818,236.538,575.587
375.589,176.816,-56.6951
-70.3884,-188.626,40.3472
481.754,-419.78,-599.018
-17.247,-211.016,-88.846
289.685,86.7782,-183.374
-486.871,339.207,-407.592
-172.581,449.137,-239.346
92.4212,-151.217,-651.654
-258.681,638.518,-565.295
86.5199,-413.905,155.667
1.54776,10.919,2.64088
-202.375,-183.106,258.11
-106.326,85.8531,-55.0848
-8.13204,-133.707,226.96
71.2221,113.771,6.42364
-216.182,573.044,-385.081
45.9726,72.0926,-66.9836
285.875,536.788,-424.036
462.318,548.287,400.489
378.802,345.714,619.278
-452.838,-508.525,-531.399
-19.1119,23.868,102.071
-166.803,837.673,294.359
168.272,376.452,-488.48
-410.94,670.498,581.687
-206.23,662.3,-491.245
203.255,177.992,-146.752
-221.985,-347.212,-164.355
257.989,-167.443,435.722
152.52,-199.622,-728.643
132.392,16.1822,-108.418
-354.819,471.524,50.2178
33.0691,-70.9685,53.6191
136.556,-442.95,-602.779
666.815,-574.673,-259.423
-493.515,542.842,-247.595
203.965,-199.474,310.749
199.504,64.8779,-87.5687
23.2291,-45.8926,33.5366
267.58,-321.96,-91.485
-151.935,-0.772086,238.63
-697.218,-44.0805,-490.557
-615.259,-358.974,-531.888
-144.294,114.18,207.89
91.8071,-113.143,-73.383
-7.6764,-161.122,70.6451
262.163,108.399,301.092
82.8295,-388.074,167.925
338.671,26.1804,-328.337
205.795,-58.8551,-163.724
347.912,236.408,237.351
148.519,-106.422,44.4975
626.666,-584.84,94.6692
93.6454,-159.935,-253.875
-21.8477,28.5021,38.0182
65.5636,484.792,524.409
-56.7889,194.429,49.5437
-401.115,519.961,715.992
133.526,38.2737,-120.798
271.7,258.202,-260.624
-150.614,-182.654,12.243
239.248,176.771,-162.413
175.451,-180.155,167.831
-516.539,691.267,-411.091
-231.633,255.459,-34.0517
391.792,-480.527,-677.826
2.72799,43.0491,-33.0411
564.962,694.151,295.81
508.426,-417.115,665.913
3.69486,9.26511,6.75624
-558.541,-170.354,479.999
189.803,-406.859,460.179
-50.5599,-363.857,675.105
-82.0534,-311.631,-378.46
-52.0218,-78.775,109.288
304.444,-651.023,-567.849
-104.36,223.473,166.532
746.791,160.78,-69.0632
-191.422,144.757,184.752
-63.1782,745.517,-110.94
-259.201,161.465,-144.957
5.90471,-3.4488,-10.2558
360.295,-217.176,-423.648
-1.83867,-0.204621,-2.40467
-550.106,630.766,329.961
-0.0181679,1.98796,13.1605
243.684,-452.618,50.5541
-5.62782,145.888,-243.395
-657.746,-268.387,-599.114
112.39,71.3742,-122.987
-159.431,135.457,-29.3639
704.141,158.463,652.994
164.386,-831.406,-212.292
628.554,-132.126,-298.724
-327.137,715.116,126.554
172.811,111.6,-849.123
-128.601,584.316,646.285
213.254,454.491,68.6625
-69.3827,-118.655,720.125
-50.0073,-221.706,-197.148
80.3162,20.6985,-578.972
20.176,6.38213,-23.8609
-92.668,504.529,-85.3543
-670.633,-361.78,32.5042
-871.757,96.9582,-199.817
137.652,-298.743,-415.181
162.549,170.481,-185.067
468.324,-701.385,-97.0406
108.622,77.2053,73.9576
74.3757,-759.516,463.472
-266.569,-598.584,-120.41
-250.615,-73.7556,-11.3753
345.063,161.409,675.999
-551.465,-642.381,476.37
-255.012,225.237,-210.232
-476.147,76.6232,581.927
25.5273,213.739,552.518
665.662,54.6726,-348.5
-337.828,-217.369,517.885
789.016,-197.146,-467.898
-396.389,-49.7555,-815.988
-38.3154,-54.1931,-46.2267
96.7055,158.562,-692.263
-37.0089,-185.138,864.86
-214.698,-179.976,-395.406
540.678,-379.324,-738.536
111.712,155.766,150.331
-344.729,621.69,599.331
66.9828,126.953,-342.271
624.112,-277.192,-642.638
-774.925,322.692,524.702
103.4,-421.563,709.707
238.969,197.248,-143.079
272.3,-418.983,668.952
-56.6174,39.8178,-51.9867
537.388,104.145,641.289
-52.7279,49.2665,-11.3921
331.282,35.7999,108.669
-224.256,-197.778,-76.8038
-321.446,-331.73,341.782
-515.084,383.921,-286.94
127.719,444.85,-100.815
429.864,519.745,-350.116
115.896,52.6737,-175.036
42.1404,-5.08445,32.5379
-384.963,-74.3521,820.876
405.387,-336.668,-482.081
-158.781,2.81564,-196.468
-493.029,699.736,221.894
311.763,75.6136,346.042
167.569,400.235,-355.168
36.6119,138.28,136.893
104.234,-37.2073,-118.62
346.543,372.087,239.577
-59.9654,-110.814,100.888
179.71,72.9788,270.875
1.97436,-3.36119,2.22877
-56.6778,87.5666,62.3758
-307.737,101.435,-268.095
405.312,211.204,657.359
185.255,-126.34,81.3734
208.863,-103.079,-95.0205
-86.6977,-320.792,413.572
-51.3233,-21.3682,33.2167
453.882,-9.28297,621.973
49.4236,167.855,49.2595
16.3291,-60.0241,97.8521
88.0632,79.149,97.4397
12.4221,-421.761,863.547
-42.0429,-361.166,-386.512
-230.439,272.257,469.916
-24.9748,-462.941,217.795
-3.63259,63.112,59.9045
752.874,-313.602,-92.1733
-118.57,234.712,459.872
-119.747,226.48,212.215
-237.137,433.133,-289.858
-867.677,203.5,174.178
-195.688,195.867,149.877
377.803,-396.48,815.818
328.726,366.668,-847.052
-352.59,553.405,-201.77
245.722,128.354,-233.034
59.4219,701.274,-43.773
493.553,-714.049,-490.368
-101.929,-107.872,78.9357
510.293,-310.376,15.8779
550.108,-507.41,-107.146
9.06188,-13.9189,-13.068
-356.13,-348.589,199.458
-18.5502,-8.2805,3.51928
-121.272,31.4434,-110.802
45.4476,239.924,-68.4025
-62.75,-63.0488,108.637
273.805,-44.2732,207.1
-61.1201,32.1758,14.2253
76.6864,-251.349,-562.752
-301.061,-221.296,236.259
163.063,488.223,497.429
-426.673,225.954,300.331
-18.5255,0.223154,-11.8983
220.082,-141.735,0.451085
-292.13,-476.862,-252.649
-189.542,-29.1475,-353.112
-677.65,-151.873,-426.681
-107.293,-129.176,144.266
-568.168,193.233,589.402
-379.651,502.907,241.003
33.1193,-55.3104,32.1621
-1.01055,9.15585,-7.39131
90.3256,14.1491,-66.3582
391.052,-220.145,-244.082
-95.4699,-165.144,43.9154
111.731,88.6023,-46.0831
-9.07527,-11.9204,-1.6042
-91.8063,164.935,-0.24619
682.112,303.844,73.2758
-124.873,707.336,170.119
-754.528,-422.071,338.128
284.661,664.818,94.9021
-30.1737,34.0645,-457.988
638.081,428.565,587.4
15.1307,-9.68503,29.7981
14.5465,193.956,-114.793
108.924,115.245,85.445
601.012,494.426,-463.638
250.058,-218.331,88.5381
16.9932,21.659,11.948
13.6709,-6.65061,-12.3672
-829.076,-476.417,196.535
-65.8773,69.7722,67.4546
439.293,682.197,65.545
2.09774,-18.3769,34.3088
-162.947,-584.434,488.301
308.449,-598.414,593.945
575.131,-586.522,-551.555
-649.776,190.801,615.595
684.784,-201.348,-220.736
487.975,547.936,-120.426
4.81898,507.04,548.073
-333.553,-192.492,-400.202
-63.4256,-619.988,-714.519
-255.559,-455.009,383.871
-669.999,-270.161,406.857
284.373,548.911,482.073
41.5194,-367.748,272.321
-311.595,598.152,-619.175
32.9619,-61.5493,-21.222
-8.60903,8.14773,-10.3937
40.4661,-201.214,-116.04
92.8473,66.4063,172.687
-14.2081,50.2574,66.7233
149.167,-52.6057,-413.137
-319.952,-178.901,486.521
-129.645,628.443,293.204
115.859,309.727,468.573
-122.518,-666.521,631.977
64.1139,-536.925,695.965
-740.362,646.077,-180.272
-538.396,303.62,-573.035
3.15673,-8.54848,-0.204024
232.962,32.0369,256.26
-437.436,-527.341,571.613
122.791,-148.52,40.974
-329.483,293.64,-390.074
151.779,182.821,-24.1998
-120.382,-92.4465,-922.317
-94.247,45.0608,37.0176
105.538,152.294,-206.823
154.488,-66.4586,-187.42
4.94716,-22.6343,-15.6615
138.338,-187.78,118.309
-121.737,-900.482,128.364
601.855,-309.106,180.483
-156.051,-590.979,-247.979
80.2487,188.905,256.807
-101.656,316.072,-167.669
303.595,106.117,-411.232
249.038,475.825,-500.043
523.509,32.5108,-389.484
-362.023,159.658,-501.521
301.884,298.406,-187.712
-172.397,-217.345,-61.4655
370.023,-82.4166,158.67
-177.113,149.95,-933.471
-315.033,124.737,-173.888
24.5564,36.5997,51.4324
318.287,323.983,679.124
-84.1027,-74.1303,-99.4906
41.4018,-99.1285,-67.1403
-17.361,80.436,-42.3879
-475.368,-197.19,792.465
47.287,-35.8625,-37.8215
-595.005,-137.387,-220.392
101.782,250.53,-249.328
-372.877,165.982,180.958
-397.064,250.063,869.595
-89.5866,91.7967,87.9897
-106.169,-30.0744,-111.238
131.036,-394.085,-436.575
287.101,529.218,121.823
178.309,66.0718,-264.506
-519.888,-469.432,491.963
221.685,182.052,209.419
-167.625,-150.103,63.1787
264.073,-157.004,112.652
-609.622,295.709,-709.166
184.115,452.84,-14.6099
537.716,-245.146,-112.971
31.1793,22.4484,258.605
375.659,-110.918,-69.8526
-7.16997,-186.806,-249.534
86.7473,-298.525,484.89
144.971,16.592,122.086
337.237,-272.924,-368.786
79.7466,-66.6267,-250.803
-609.531,-398.915,-667.646
28.5931,52.2113,91.2687
4.12814,-2.14588,-5.09052
62.6549,25.255,7.46785
374.248,555.838,316.704
27.0399,-135.416,35.5161
458.133,603.919,615.238
129.043,77.746,432.391
-364.5,438.862,574.869
-16.8643,-326.607,-490.437
431.311,420.451,450.605
-361.779,-314.149,-269.638
-168.304,-220.922,455.669
54.567,-180.552,230.981
162.677,-35.1396,59.9103
-397.173,-163.155,392.345
182.047,-5.42941,234.473
188.44,-671.64,-343.318
310.777,200.48,288.564
22.676,25.9781,68.9579
254.868,-209.255,343.81
-698.455,-204.922,-630.285
182.49,-239.81,240.42
14.3633,198.285,32.9218
225.478,-287.219,-102
-433.96,-167.006,80.6461
-309.802,491.526,-146.214
392.165,319.171,-645.351
-269.217,-96.8574,-89.2021
-389.299,-55.5999,620.764
-741.159,28.0872,277.151
207.578,-630.725,-90.6333
109.572,212.265,-224.612
116.636,-50.6078,-209.474
310.06,-326.393,141.972
-66.6954,110.174,-71.3045
416.582,670.666,-597.842
137.895,-85.8683,59.3245
-182.349,617.645,111.353
-35.3618,4.57022,28.2439
-19.2572,32.5495,250.718
151.471,-842.454,-107.299
-187.675,-107.613,-15.0093
361.764,77.1622,216.411
-312.559,-450.076,-275.904
55.5274,46.3933,138.861
-698.75,338.257,-299.979
-487.281,-468.344,-602.329
93.3753,-110.786,444.368
-426.067,-473.966,-344.908
113.568,285.496,319.479
-22.1312,-10.3351,116.306
-181.422,-560.038,-193.71
-313.106,-772.673,432.774
-87.6666,-98.0385,51.5318
45.3959,-40.2127,38.9111
12.352,488.059,3.4745
-425.156,479.52,-149.499
18.8941,138.79,189.469
18.1619,260.455,-256.96
283.207,316.433,659.126
373.55,21.3615,543.635
195.819,-163.591,388.566
-172.883,348.543,325.727
-655.43,-390.352,94.9122
67.5808,-20.8998,-91.4222
-1.5137,2.65219,2.78505
71.2633,535.015,-15.7016
-376.116,-567.125,377.669
724.483,190.132,598.839
55.1331,208.76,-189.231
219.718,-512.784,-587.045
453.157,353.35,-164.762
60.7738,-115.715,663.347
640.704,-756.08,-115.329
167.305,724.729,-446.867
135.948,-271.128,47.0447
267.423,-593.981,426.064
-556.976,-37.3858,550.759
-12.0322,-248.58,-248.548
-52.8183,338.543,618.818
-32.9035,-88.7595,-5.57143
146.241,173.811,48.6946
-93.2731,231.293,-91.1174
-34.3885,380.083,595.914
-409.976,185.511,495.634
-660.905,-290.966,624.493
-258.602,624.619,-355.904
250.412,-130.934,-89.1024
204.061,-563.238,164.212
-68.6593,492.868,284.898
78.043,380.101,-742.126
-492.532,-280.57,-534.966
1.42624,4.15381,-0.842726
-358.055,-239.63,739.216
-94.7699,-12.4216,-13.8887
-194.973,-23.8235,69.1835
45.7651,57.0564,77.1258
533.098,-14.879,311.054
531.558,660.238,70.667
-250.417,-287.498,-567.541
0.651577,-0.399728,0.374122
-353.171,-323.829,370.521
12.3926,118.92,88.5413
-91.8762,25.2686,-125.82
-205.911,374.328,420.791
193.38,141.508,97.7713
-206.431,85.1127,231.17
229.41,-181.844,459.564
142.62,-166.411,94.7679
203.977,-391.512,-417.356
326.748,-362.144,-249.587
-30.6599,-881.138,279.865
142.359,-36.2514,-481.291
0.056471,0.20138,-0.421183
-319.995,278.193,161.876
380.524,173.377,243.399
-259.651,-387.459,-254.718
314.944,-435.789,-104.546
-188.222,185.402,-166.345
102.057,-33.4313,-322.058
-2.1326,2.68863,2.19474
220.376,-163.27,-620.549
280.467,-392.349,376.585
-380.812,-11.2992,438.655
-224.654,193.918,175.166
-94.6822,-2.72856,74.0053
458.116,274.178,-606.124
9.17639,-9.03838,-17.5833
114.025,-27.4305,-241.128
403.375,91.5372,-296.591
270.729,624.293,-680.171
6.80794,0.41331,-4.21586
-349.574,-214.042,25.0048
-108.816,224.296,51.5296
459.946,539.035,362.202
-398.695,-352.38,-138.555
300.269,-87.7,242.022
285.8,-56.3427,267.642
-396.479,-609.219,368.778
551.37,-64.3311,-825.991
161.894,323.237,-920.316
-288.432,114.079,-79.6053
-333.487,448.921,378.348
156.499,175.301,86.8602
213.294,79.0206,-225.405
-260.771,-404.874,487.757
95.1616,75.1774,-277.999
-63.2399,-184.519,-259.788
522.598,453.426,357.081
-264.074,-401.749,-846.933
-399.303,-168.442,93.0625
-159.25,-122.459,-102.381
154.432,-112.666,108.975
-428.24,-632.447,381.033
-671.447,513.939,484.147
880.905,-398.411,151.505
-361.455,-626.192,-480.923
118.135,207.486,-436.06
-245.246,-624.219,-307.002
278.528,-385.962,599.551
216.899,-438.405,440.413
103.03,-722.106,577.457
242.711,-293.291,-326.104
-195.188,-520.118,294.213
-8.63022,-12.3809,-13.503
356.87,-362.851,483.024
48.6347,332.876,305.815
308.675,90.0112,23.1273
93.3522,-86.5307,249.087
-165.756,479.686,-70.8368
270.181,-453.826,300.565
6.74615,-507.106,476.966
-292.073,377.066,-784.159
-580.261,574.445,-483.929
32.1081,-46.5758,-64.911
325.064,227.869,-511.462
-499.021,690.951,-378.777
212.839,-266.975,-47.2323
-0.240805,0.12246,-0.370471
433.056,280.356,253.293
-61.0336,-11.8007,-250.153
361.18,-692.061,226.153
284.296,168.879,391.494
352.688,295.061,232.662
300.696,-725.188,-278.926
18.5399,-181.002,-186.281
-322.938,-148.506,-176.474
340.915,248.087,828.001
565.63,-327.869,-239.791
-337.771,532.612,-394.911
0.426962,-0.268412,1.02047
-46.5981,-375.66,287.221
-117.697,36.896,55.1009
352.649,119.924,-335.102
97.5408,23.1051,-109.887
247.539,-42.482,-293.454
594.244,-239.624,417.36
-187.806,481.948,-582.695
320.609,-281.528,-345.581
11.7234,11.7195,2.74301
-242.347,-192.452,-122.517
477.903,-339.694,-80.4074
535.415,-152.379,467.233
154.969,118.025,-139.697
-67.95,-397.509,237.19
-311.857,342.316,667.703
700.649,-93.4509,566.224
300.324,-535.242,671.243
292.057,143.284,276.897
151.825,111.815,-32.2365
558.244,133.702,295.367
14.5114,33.6895,40.5075
125.1,107.338,23.9137
-202.963,494.673,-226.506
-24.2066,7.41787,295.924
256.123,-619.573,-75.395
-393.897,21.4243,-395.191
60.4533,-197.806,-233.3
-61.5279,-271.772,310.359
-3.82735,3.35325,-17.5795
508.902,200.748,635.332
-81.694,6.36645,37.0611
-412.734,572.874,-547.945
-101.203,-206.743,131.284
254.644,-223.887,354.857
-17.2456,-6.45444,-9.76269
37.4341,2.70711,-83.3057
-123.156,679.212,273.301
-56.7095,36.2654,-74.0205
-623.59,-256.792,433.698
737.618,-12.3527,438.712
276.877,226.355,-121.164
-120.199,-76.5071,-864.173
26.3684,446.686,378.348
-526.476,-411.759,493.483
706.74,30.0466,166.255
244.876,594.298,572.346
-567.699,522.918,-353.55
-202.073,83.6938,82.6983
-99.9468,-415.755,-316.049
101.869,56.7825,90.0431
424.09,-560.994,-251.329
76.9576,91.4631,25.6517
773.839,133.906,-496.956
535.151,-182.519,217.036
42.7489,-169.67,174.744
231.517,50.4098,128.027
82.0381,-268.327,307.868
-124.844,286.949,-215.47
-597.191,522.635,22.6717
102.357,150.872,-107.071
330.392,357.068,-195.257
75.7165,-379.145,397.11
-286.623,-359.17,310.771
162.231,336.776,-156.23
20.7035,610.746,488.918
-59.1758,-217.905,-119.878
-637.24,-92.7045,-740.606
406.668,-316.231,53.9322
564.886,240.918,440.232
-151.414,-464.813,-634.43
-12.1487,37.9314,94.0093
-441.745,200.404,823.447
-159.276,167.21,294.151
-161.509,-280.437,-291.612
-210.801,-263.694,-40.6973
30.5759,-375.019,154.385
614.625,507.476,-122.155
167.455,221.527,203.011
-9.12881,6.693,18.1776
535.969,-222.675,-723.782
219.621,-175.216,138.655
-181.237,-99.6449,-173.479
-347.88,58.159,310.864
-480.827,272.254,-508.649
-619.164,-349.799,232.173
10.725,-66.307,44.0566
343.217,727.196,568.605
65.4531,-583.702,-455.308
456.826,320.517,355.146
-78.0752,166.948,79.5089
183.233,-36.7124,-274.469
484.094,-44.9486,-424.879
-2.94942,19.1375,64.5219
176.272,-90.5298,547.195
440.403,-507.608,-506.264
143.771,251.039,875.41
22.5674,-80.4619,85.5969
193.045,488.15,722.311
-1.10127,-385.594,-315.679
306.1,-58.1933,-144.679
322.409,141.878,-143.553
-60.3361,199.244,444.916
-85.3593,194.398,82.8907
-180.659,70.4892,-167.117
-87.9696,118.748,-23.9957
-64.123,11.4306,-89.4472
-378.064,-395.194,-145.512
-689.162,-414.467,170.604
176.183,129.37,169.761
-189.197,154.912,216.968
-46.7471,4.11879,-79.4301
-694.553,-165.963,497.016
-15.5523,-6.19852,38.743
-740.397,-443.057,-2.46686
-206.53,70.9105,251.079
163.82,666.84,-654.42
-204.476,848.7,222.128
597.683,501.588,512.48
409.292,-266.117,-81.4125
-428.927,-441.486,-548.996
-11.3276,58.7042,-12.0857
-27.8765,-7.73564,2.86268
6.87627,-0.249772,-6.65186
219.29,-196.013,-67.6791
79.0111,-11.8806,-37.3573
-65.9326,-18.6156,-21.0967
92.0241,66.6879,90.0526
454.013,-28.6907,-226.624
-310.965,-536.828,-370.752
120.386,56.9848,198.593
12.4951,-69.309,503.397
-48.2557,-5.13751,37.7108
588.923,352.678,119.292
-32.6952,-571.025,-46.7104
-260.03,762.102,-242.163
16.5258,-95.8103,-134.332
-189.544,-45.9333,-450.834
504.987,-102.615,-417.502
39.5497,-26.0612,3.43465
448.908,-188.298,-238.129
782.078,226.605,178.417
-203.789,566.771,623.13
527.737,-627.366,348.181
538.54,-354.171,-545.752
-363.837,97.3839,526.691
-47.7769,-152.791,247.724
33.227,681.401,329.841
8.02407,5.332,9.72454
-625.295,-316.592,-421.284
-133.765,-419.444,532.624
474.523,-246.228,264.256
-470.469,500.204,-430.453
-12.59,13.1999,15.4617
35.2003,35.6167,189.701
13.817,61.4939,62.7132
209.109,-675.795,434.329
-154.957,395.408,855.018
234.012,97.1036,-120.789
418.899,-692.219,51.4551
40.7986,179.244,158.528
351.057,-555.269,333.69
-120.971,-108.664,-51.3389
-134.746,127.309,189.358
-659.397,539.977,-107.091
233.463,-145.644,110.872
-204.529,209.09,-126.347
95.3334,-35.7037,85.5477
-799.893,-172.288,51.112
366.315,219.255,260.85
-477.649,-658.747,394.041
-126.923,58.3737,130.077
219.555,556.342,-611.274
159.797,275.057,552.649
-112.565,150.616,-36.4627
-138.722,322.221,286.551
-39.3432,13.2726,12.6034
96.3018,-197.149,-190.172
-218.718,-250.675,12.5221
288.437,544.762,184.831
-383.35,586.246,119.933
240.638,772.022,289.143
-159.219,-193.887,515.084
48.3273,99.8183,-111.02
501.107,-563.901,-331.026
319.216,313.081,14.1689
-584.377,311.766,-14.6149
-269.256,420.846,-123.776
-453.264,267.315,-262.828
-308.584,-278.691,-317.865
-137.38,110.967,-139.429
-47.4079,-48.8407,-42.2392
-266.998,-85.9772,242.904
-657.515,-221.851,-535.266
-526.006,-78.0985,-45.4913
212.123,-172.729,65.4161
18.1685,-197.494,-93.0634
17.2659,221.33,-80.23
234.164,221.68,143.567
359.811,-242.601,-414.785
-382.936,321.981,182.8
177.207,-73.346,-202.609
92.4444,-346.094,235.34
122.203,25.1662,-38.8984
-229.549,-94.184,501.718
-115.923,-310.026,206.589
317.001,-576.307,-663.345
-211.688,-148.827,-181.413
37.633,19.226,20.7723
-230.331,-262.878,44.5281
498.692,203.672,-397.65
-35.7562,106.481,243.887
-772.655,410.516,72.4689
-97.8227,329.415,332.94
-75.332,19.3032,49.3908
-77.7634,-514.584,-329.327
154.87,-108.122,116.115
163.42,-355.975,49.575
-2.36073,9.71409,-9.51641
56.4491,351.031,290.225
-226.476,-166.023,707.033
131.333,431.501,-57.0816
150.985,-130.91,96.6762
654.942,207.648,-590.239
170.936,216.339,197.831
444.758,-57.7725,384.438
-78.6899,169.522,34.5454
232.647,-422.361,-326.812
166.463,-576.129,158.748
-240.795,-326.534,472.57
-55.4591,15.18,-70.9505
51.4182,374.765,247.797
206.206,348.004,419.223
-99.0032,3.94288,141.48
548.149,240.638,304.825
775.469,190.47,36.1521
60.079,102.158,-71.5353
111.881,-376.946,-480.283
840.701,315.291,7.27735
789.365,460.557,378.249
177.087,-434.004,271.68
165.709,-195.239,-109.427
-186.583,-275.951,242.875
-97.3703,35.4039,73.8329
390.893,422.348,767.996
432.154,105.17,589.489
458.461,-245.22,688.644
617.132,-329.987,-138.358
-35.61,19.1401,-59.5268
-137.872,16.9564,60.4563
-79.3773,-56.3974,343.004
92.6296,2.46462,-60.0906
-99.068,70.6078,200.917
-44.847,-99.4599,-121.075
524.232,19.6002,-732.178
-187.113,-22.0432,195.445
-595.875,437.238,-528.489
-421.001,-320.435,161.982
-302.244,94.7293,350.14
102.504,701.67,497.491
233.629,578.118,-67.8525
3.22718,-42.7666,-88.1111
-89.1819,172.204,189.989
-0.587238,-49.6822,-45.4208
2.45809,-10.6062,-102.225
-731.285,-505.674,-215.05
260.7,469.874,-27.4248
-258.169,-58.5623,252.516
475.067,-327.388,-232.845
209.828,-409.038,-155.111
30.5855,-393.302,-93.0146
-753.852,-285.718,-148.828
-173.013,-116.394,-50.806
565.969,-361.343,355.678
372.72,408.432,559.373
-14.9612,351.393,94.4838
-18.207,77.542,62.0296
682.274,-492.956,-187.564
249.968,-390.06,188.132
7.71897,-316.952,-783.275
232.477,206.126,109.16
-669.143,-522.022,-480.297
207.455,-206.903,224.179
-666.762,569.968,16.8748
-58.6745,-586.185,488.615
-24.4677,37.628,46.3783
69.9914,216.315,-211.942
514.644,192.125,597.867
34.1108,252.788,257.085
63.5529,177.004,-143.183
-250.238,143.19,-240.458
-70.2864,401.249,268.509
-231.653,-768.658,260.117
31.3251,-616.413,345.871
590.929,-648.268,208.49
-382.642,-608.557,-235.411
-201.11,-117.707,-198.26
-37.6273,199.709,-134.078
533.013,-399.155,-140.922
31.2491,-289.84,-176.617
434.036,764.477,121.66
-113.348,157.592,-166.474
-206.662,-22.7204,-174.225
-333.746,-71.2279,-77.5059
-176.823,45.8105,-153.33
541.535,-656.628,-10.1753
221.675,-124.387,195.523
-184.025,-141.025,260.033
-16.9492,-112.443,164.166
390.447,475.212,-321.866
48.6023,766.463,571.622
-295.23,-251.784,-752.005
795.901,526.96,-189.016
300.727,330.276,185.22
-556.311,-439.838,132.646
198.979,65.0937,-301.971
-490.897,-463.489,-679.934
25.5415,-96.6733,-124.91
193.561,-344.844,-481.813
632.533,29.7464,364.662
-627.757,262.876,-375.861
-68.1305,244.16,-166.628
351.889,-71.7534,238.629
329.3,453.186,-355.365
-156.085,-134.71,46.8579
535.707,252.082,723.01
-103.685,152.824,-49.9457
-457.105,-154.033,-366.532
-388.855,-396.19,280.366
47.7407,781.368,530.083
149.68,81.979,49.7891
-67.0574,-15.8569,-126.925
129.726,31.799,-112.551
-4.76961,-435.775,430.848
-10.3813,50.0757,26.0705
167.512,-64.5548,-418.144
-47.2741,47.769,-38.0464
644.368,-15.9436,5.20159
176.47,198.607,-256.385
88.4563,2.24498,-41.5409
751.612,-265.734,243.53
385.149,-535.703,297.193
-157.223,208.061,-203.202
-84.0922,-19.4824,4.97002
486.622,-460.783,-446.846
-726.73,-289.693,-469.471
-460.149,515.702,165.685
272.57,-60.015,-29.4711
-476.346,-97.7203,487.252
428.265,355.393,514.464
-155.677,-28.2812,517.9
-23.7088,-46.9557,-16.39
-241.486,-112.409,609.996
-4.65509,-10.2471,-12.3078
-54.5839,-61.9284,115.253
21.6236,-118.479,430.037
75.7535,240.086,401.231
-329.56,-51.62,219.503
358.374,-494.565,-477.266
238.568,275.529,-154.102
24.5975,139.517,383.83
-41.8535,169.893,-102.907
57.1785,-22.5916,43.5332
-799.953,298.987,374.291
257.072,275.96,-688.163
430.708,285.345,777.892
247.151,-273.014,131.944
-729.507,470.927,-63.4629
-488.22,-109.92,279.513
44.9429,-53.6075,162.125
332.505,-54.8713,336.102
2.87073,-157.835,58.9654
23.9133,194.995,192.497
-482.213,-256.64,-536.64
-101.204,-23.3327,42.8564
-221.684,901.933,-300.55
114.883,-45.5309,-50.3766
431.908,126.494,247.943
24.8668,-140.37,-265.204
-300.701,269.961,162.117
218.247,-296.754,908.18
53.7334,-1.74182,-17.905
148.732,167.759,-123.75
90.6898,-368.109,-501.877
361.35,-324.486,432.328
221.154,171.955,-126.347
20.9582,-21.0224,31.2041
-118.125,-59.871,375.992
500.752,-296.704,213.649
-297.444,-588.637,-333.309
-79.0193,345.772,413.429
-68.1391,-294.564,-438.531
-66.6351,108.474,-40.773
-29.2799,13.6873,3.5979
460.772,-596.456,103.509
670.294,-632.324,88.1991
53.832,-140.224,245.883
126.056,75.9741,85.4827
22.8824,225.276,156.547
-75.9178,121.614,-282.916
-89.425,524.792,-107.722
-342.125,-635,-129.764
164.753,188.712,-300.793
-198.324,-681.562,-509.306
-471.24,701.978,193.869
83.8278,461.228,250.048
-23.7936,-259.438,-528.707
98.7517,-50.3561,-39.5604
-82.0626,86.9214,-52.1015
-386.938,-402.252,552.048
-425.795,342.903,-76.346
665.355,-115.248,-485.64
332.042,-387.717,-543.151
-368.136,683.796,-391.489
344.44,-691.757,-43.857
141.993,-179.718,-24.6091
-109.828,177.216,-449.97
-286.652,370.531,180.283
575.394,-369.588,-659.707
-484.474,-247.227,-444.886
-344.901,-859.869,10.1508
-601.632,166.6,-291.889
393.403,-165.58,-573.057
-87.6184,-57.8765,-143.746
-189.136,-195.098,-28.1922
-398.965,-332.916,-664.398
-590.887,-641.078,320.159
405.547,-256.38,51.1848
-175.983,215.68,52.4554
-274.264,-103.314,-351.911
120.066,183.665,-296.387
-297.693,-211.699,-89.2089
139.209,-223.534,-117.767
276.351,-274.632,-726.991
-517.574,498.614,455.463
-739.194,-499.2,-404.931
-12.3428,101.164,-36.2879
473.38,316.894,-184.224
147.301,-102.076,-115.357
654.148,510.805,-551.975
-28.8683,3.69107,22.1733
862.344,-157.652,255.338
-757.123,-3.48775,-536.811
-328.993,-921.774,49.5888
134.289,1.05028,172.088
270.066,-196.166,-108.409
-536.871,-57.6344,-308.953
-11.7862,253.519,202.565
1.30556,468.931,-161.43
-41.5327,247.511,-282.507
-231.212,-667.432,-146.661
-9.88578,15.2828,-11.4614
-606.522,163.776,-93.1528
-102.631,530.623,156.84
-451.067,-339.568,498.839
-635.208,185.704,-258.662
-170.663,726.656,-39.6066
-202.285,233.071,-62.2855
312.111,-206.955,189.372
10.3328,-75.5829,-17.5699
163.932,96.0862,-119.043
-95.9533,-364.425,-113.135
203.31,-196.052,-207.981
34.2303,63.6628,-44.7553
-377.698,27.4471,-569.334
797.943,-316.423,-421.813
32.983,99.3723,66.1924
77.5139,-217.665,-267.405
-77.4879,-76.0509,-124.78
185.222,303.356,877.186
-465.32,-18.7411,-179.056
588.91,598.282,64.0024
17.646,9.59596,-35.4983
-207.671,-74.521,-249.1
-361.842,639.965,-192.071
-300.691,309.816,559.184
346.707,-416.029,-207.155
271.462,-838.315,437.861
338.952,-501.124,592.877
5.07362,-26.5236,-29.8675
240.671,-144.65,-36.2458
-51.2834,-42.4609,60.8491
-201.258,-262.624,-221.791
-83.4354,305.003,-36.9053
-237.499,150.226,-101.012
94.5717,567.732,-243.391
-120.264,-115.624,179.165
-679.172,176.344,-365.668
96.722,-90.1737,-276.166
-116.831,-492.55,525.605
-145.003,189.968,198.754
2.99408,80.6435,-196.061
-835.408,-282.148,385.93
20.9733,665.815,-662.755
428.087,-163.367,328.126
56.0657,835.122,-111.645
-424.929,673.886,460.541
-61.3824,-3.78556,-172.051
-217.188,23.9042,223.518
-50.3373,-102.788,-142.42
227.773,59.5445,-641.537
241.277,32.7193,-965.771
-18.1348,-46.1073,53.1701
-138.6,265.201,109.167
249.868,433.247,-430.873
-308.978,-344.306,301.618
104.19,190.323,247.127
-651.906,350.695,-473.601
408.224,221.601,735.872
-501.114,362.141,580.755
210.021,-112.593,184.394
-549.139,62.6721,513.08
-53.196,774.673,-138.853
-42.7728,-207.816,299.343
-343.043,54.4787,437.806
175.447,-278.392,-235.28
21.7192,103.288,65.3166
356.821,-407.875,-586.055
-68.1883,-78.162,-14.1848
-93.8809,131.342,-85.9679
-5.53392,0.294774,9.80394
513.083,-512.481,-241.217
161.165,-25.7276,141.201
-547.01,88.9205,756.703
368.71,-285.537,195.833
2.08302,-6.80248,-18.0099
-252.729,-315.777,173.036
3.86421,124.427,553.66
-65.4221,-51.0743,9.61542
-241.243,695.979,437.74
-689.156,-434.43,-530.802
312.804,-422.007,-325.308
-113.94,519.416,808.222
-3.43981,13.3034,-19.4465
507.053,-378.633,-593.525
-321.413,287.992,-310.487
-476.722,294.558,-290.69
-23.5195,32.6773,-55.8326
216.714,-964.256,29.9671
374.239,175.048,-173.753
397.466,170.66,-412.122
64.5566,-255.213,-55.2156
-218.832,363.828,-471.6
145.494,-4.85541,43.4439
88.5121,-113.554,73.0545
-378.829,600.482,10.9867
110.985,101.297,333.905
206.815,253.519,-14.853
-418.189,-171.065,-510.123
269.934,-32.5,268.658
-38.4532,55.9396,-81.6036
152.115,93.9173,-184.456
353.545,512.56,-94.3776
432.314,-341.105,-159.678
-422.292,543.006,-64.1401
-206.211,648.085,-720.181
-279.334,66.0539,250.822
13.3719,-174.913,280.439
-688.238,22.675,-345.177
290.67,40.2974,-115.224
376.527,410.259,-163.424
135.27,-108.339,-55.4726
218.531,-545.03,-433.626
776.783,199.87,100.548
493.691,-384.236,390.401
106.78,932.98,-55.8797
-555.923,229.703,414.869
-53.8115,91.5352,106.105
304.899,-514.008,701.909
-32.1332,22.6529,-36.6835
-231.916,-796.949,496.286
319.524,-307.588,162.229
102.868,355.869,-521.749
375.562,142.485,-161.418
-113.387,514.864,249.246
-693.161,-422.065,546.867
344.893,337.723,66.0781
-248.096,695.457,377.186
8.34057,8.85531,-11.8445
-105.279,84.4709,90.5757
-122.154,-70.4202,-193.857
-0.50242,75.0197,150
-615.034,-323.031,-708.944
-378.062,25.3068,215.318
132.893,-252.789,-83.5652
-353.513,156.719,281.461
-505.787,364.506,-506.901
356.281,523.018,95.4073
221.728,42.173,-290.651
-71.5368,-110.528,-231.366
80.4592,324.15,295.469
-250.489,322.883,498.958
-151.803,-291.537,503.389
379.802,82.2353,-433.634
352.843,128.868,342.246
-26.9838,-117.417,-14.9033
353.892,435.602,367.608
-26.1929,70.7008,-83.2217
-209.451,184.524,-433.643
636.984,15.55,-632.576
-28.3732,9.06808,-5.06322
212.27,-139.206,-247.9
5.67769,58.5059,-31.4536
-75.391,97.0031,224.952
324.75,475.915,-413.569
335.633,48.7301,-239.583
132.833,-97.0022,-247.179
71.7669,0.808608,37.9798
193.859,-739.265,519.112
-72.9414,106.393,-36.9649
166.585,-74.8456,203.57
14.8556,0.333361,-3.43065
76.2784,28.7476,44.8358
-140.886,134.736,-594.603
0.756581,-19.1388,-20.9667
528.892,341.962,-745.101
-254.743,264.879,193.627
-434.337,538.4,587.543
297.998,-208.122,315.1
-70.1265,-68.234,84.5605
-120.383,33.949,129.552
-35.9127,962.935,-180.441
-396.819,-237.251,723.836
23.9013,-353.349,-185.678
-355.368,-521.322,-313.394
241.784,-345.601,34.6952
-105.399,51.5679,293.586
676.805,-421.1,-430.707
-153.158,164.045,134.887
-88.3085,451.485,-623.252
-101.33,84.3263,152.726
-533.723,-148.208,493.201
-191.199,-170.089,143.511
584.375,-560.462,-70.264
-224.638,-143.608,175.09
37.481,-37.817,119.477
29.6471,-25.7377,14.0822
-508.78,556.364,-487.488
200.445,-382.529,-94.1489
-481.335,-490.617,399.227
433.672,-200.835,645.01
244.391,-942.236,141.692
190.534,-73.2863,-222.758
-194.416,488.148,-578.734
-673.866,577.781,208.485
9.96491,-1.82331,-2.76569
-155.078,23.8558,-336.979
250.209,159.147,-39.6221
-0.412163,9.51081,-9.11182
667.18,397.928,-286.551
314.422,-695.681,-529.268
-645.263,-425.518,391.703
-29.8596,23.3951,-25.1801
-60.2636,46.9643,-8.11451
-170.513,826.396,376.671
209.307,-382.554,319.413
207.101,441.142,-601.37
-69.6377,24.1413,-44.9229
462.348,83.4775,-312.011
-715.76,420.656,296.588
41.9784,131.215,64.4583
-40.4981,61.4421,-469.433
260.214,-425.436,270.952
51.6788,-227.783,-222.357
-31.897,4.58963,34.8815
616.404,-9.40621,-614.974
-645.477,527.285,167.083
160.381,-193.778,39.9856
-646.028,698.604,282.074
1.51245,-43.2127,-170.427
-576.605,-335.435,-656.55
1.86774,-0.530455,1.10479
59.3716,-367.935,279.705
184.156,-117.186,69.3222
-169.951,-215.746,25.9391
7.65259,-477.482,401.216
31.9637,289.673,277.712
10.7178,54.5887,44.9661
234.907,-167.994,-271.469
-157.779,-58.2921,-89.9382
-32.5508,-463.713,550.66
259.406,-516.807,-128.605
-333.549,-730.353,-507.451
38.8919,-308.09,-134.463
-166.162,-291.515,-616.968
236.567,-209.316,-123.541
-353.629,284.052,151.033
538.103,-301.434,-87.2052
285.834,713.299,-224.634
308.63,-124.257,-304.008
-181.616,62.1563,-268.308
136.189,831.777,-203.603
375.009,-264.214,265.838
-324.377,9.82274,108.646
217.726,-283.337,87.8663
-455.86,-637.536,419.151
11.2783,310.529,-282.878
-66.7881,584.786,-587.905
-363.363,895.461,-143.875
110.042,-164.736,131.066
-1.02692,-487.602,587.431
-76.2359,-286.501,71.269
-11.8354,-29.1616,-22.9229
-46.8152,54.6999,44.7168
-2.91143,-9.22045,-62.8637
-265.158,-244.879,-700.205
-350.36,389.287,423.059
-375.4,-406.624,372.71
321.584,68.199,-246.143
277.371,451.925,-488.079
114.584,333.858,80.456
75.0116,-53.5506,46.6884
-3.84684,-148.623,37.4528
-469.929,-122.394,84.5074
85.1796,222.3,-128.651
220.594,294.13,322.543
-242.609,262.189,237.609
-487.63,-638.921,-226.854
328.98,-681.571,-315.164
925.46,-218.743,-253.382
-121.987,333.927,-6.26934
415.696,-484.894,-531.729
406.012,418.262,-553.99
116.93,310.921,461.82
76.2977,-75.8596,-76.5996
-53.851,-86.2655,279.884
-584.836,-279.862,291.843
347.313,347.86,326.389
-251.684,336.591,218.703
-29.7365,17.8451,-32.9326
-241.928,-510.195,39.4328
41.3215,9.68912,-28.1067
361.956,282.375,503.102
164.719,347.244,335.637
164.071,-177.393,-211.019
-137.207,-101.572,-161.846
-16.9784,-8.6428,6.93785
369.112,612.003,565.94
455.231,-504.961,-189.455
-90.3084,474.949,322.525
-701.339,-220.957,308.615
390.663,376.091,-427.991
72.4914,-111.122,99.2729
140.05,-277.35,-1.24299
-427.399,-59.8858,16.4338
586.992,-214.842,-373.319
-421.502,517.894,-517.304
308.609,50.6989,108.921
33.1252,33.3672,14.8668
99.3697,108.281,173.453
-347.234,379.999,400.172
38.9214,174.122,153.009
595.045,-218.111,590.889
-164.816,84.0127,41.5499
368.896,-179.651,34.8156
181.159,-129.811,723.835
-110.975,543.692,-564.991
312.194,-74.1355,-60.4225
277.189,295.575,314.653
17.8403,-78.6022,-590.596
-7.04806,-3.05761,-6.59624
312.31,153.307,446.624
-316.15,-316.139,-327.472
-271.168,-381.611,557.278
19.5071,158.79,-151.369
651.491,296.137,-352.203
416.141,-64.9229,376.035
-331.266,-175.661,-50.6686
-245.166,-303.092,239.161
-302.687,78.6338,171.042
272.936,-251.351,19.2256
-402.517,500.68,691.02
314.942,-605.855,401.601
13.2771,27.4714,-9.03313
245.046,430.861,500.697
-750.552,-60.4394,597.411
343.954,460.317,-63.5646
-176.698,438.834,-442.274
86.9519,118.241,-104.364
-580.342,357.052,-552.775
729.786,-103.674,-135.21
-180.468,164.092,-560.233
613.58,-128.709,150.238
147.931,-499.822,397.195
15.4473,42.6251,-51.6738
391.146,-657.649,-169.118
109.853,-83.6615,60.9348
240.261,713.739,-454.353
-361.648,-480.632,503.495
487.154,-405.608,154.619
-2.99968,-101.219,-65.6465
-179.551,39.8784,-616.437
207.649,-499.682,471.739
148.739,-74.4156,97.4435
9.39732,471.159,-689.645
-312.59,377.597,-57.115
801.644,3.82044,-266.048
178.147,-207.98,480.998
52.8668,-220.211,-113.723
-170.405,215.617,113.976
457.663,-123.182,-174.595
-212.643,86.1622,-165.52
-372.502,-464.71,588.571
13.017,-167.029,132.357
54.8697,145.85,-244.385
-157.709,-443.831,221.843
-20.0711,-24.838,14.8532
-42.1658,-101.738,80.2285
119.165,54.1567,176.457
292.368,-144.794,-38.129
366.048,257.342,212.86
-72.4263,766.387,437.802
-623.062,657.654,421.612
214.745,-54.8794,-392.232
219.127,-194.452,876.946
586.729,376.122,-296.016
-464.472,319.131,407.665
54.6064,242.843,361.133
-82.2259,61.1757,-51.3118
549.398,242.587,-547.236
533.8,-171.443,-321.877
142.911,202.336,445.54
-17.6077,-163.808,-353.115
248.654,-727.635,-365.08
426.135,-123.387,-265.596
-540.695,389.684,-473.479
435.733,-65.9337,296.666
507.044,548.259,403.934
549.2,451.194,-130.616
2.95747,6.38075,-4.08119
-525.371,-502.976,123.847
-381.285,-156.805,-371.549
-42.6609,229.163,78.1158
232.97,-199.727,-326.314
391.868,238.936,-574.746
84.4329,74.6822,-156.554
-457.554,-84.4499,60.7258
-218.83,-209.125,150.927
155.053,20.455,407.072
475.108,286.909,-495.991
45.0441,33.5493,-19.9044
-2.84342,-0.0239915,-10.9803
-60.9878,-11.6448,-37.3224
423.823,-36.8944,-476.18
55.4986,20.4439,-101.894
-171.433,-158.728,-328.218
72.0116,148.812,29.0174
108.261,82.0497,-46.7943
298.895,4.17727,-138.236
487.533,-695.614,206.83
191.04,-190.39,214.966
24.7249,-24.5313,-18.8624
23.5007,-142.192,213.895
-565.59,-692.959,-167.201
-251.471,236.827,-329.414
736.538,398.806,379.033
-323.668,149.438,-228.812
328.024,481.82,-513.939
-149.352,592.313,498.25
799.341,268.315,339.106
231.79,139.038,711.087
323.37,514.61,-412.323
92.8766,-24.2148,156.783
450.362,247.913,399.662
292.52,252.997,287.535
484.452,585.86,0.645975
487.438,483.175,-184.381
-104.594,-78.8692,-100.006
601.331,384.818,81.7138
-433.095,235.677,-234.059
-426.713,-613.045,149.411
16.9823,54.7744,71.5135
-434.785,-252.923,-466.43
740.345,38.2615,-480.994
729.841,-289.621,612.863
-66.2024,-403.421,-354.302
245.209,564.724,459
-364.72,-417.875,-456.578
104.543,-264.19,-168.631
-554.86,303.737,626.388
21.012,-203.455,-681.385
115.44,-471.493,812.382
-137.965,-140.153,-82.2302
-48.0807,-16.7878,-183.855
256.861,233.867,-295.351
45.5198,-88.2648,-171.001
-193.677,419.327,-137.727
-96.9161,-99.223,-99.4928
208.133,-26.8248,91.4857
112.557,-295.321,57.3966
-18.383,85.6333,17.8281
735.464,-68.4531,77.1218
467.638,-337.292,-199.358
137.951,284.197,15.0617
-12.6268,-5.41591,-39.0431
571.302,293.944,-175.253
-105.092,2.90766,125.909
464.974,-90.2259,-90.1101
-15.5345,85.5135,81.6588
115.497,-121.773,230.005
-811.795,106.314,110.335
-283.5,-113.128,-177.159
16.1364,-11.2251,-78.5184
-9.75163,-61.9096,-48.1187
6.26182,-9.34926,-11.7188
53.8606,26.9759,41.6834
-262.186,484.432,102.483
-186.065,-750.204,268.61
-157.378,483.927,-448.121
-14.4304,32.0611,-11.1797
-704.923,-3.7272,-697.336
457.035,372.457,-536.3
440.006,26.9356,-437.78
-190.867,16.0342,70.3497
621.338,-83.5747,-603.577
-751.198,-22.7044,100.209
-150.967,763.801,62.6186
519.246,-377.099,-232.012
-473.448,108.623,327.49
-570.073,-108.8,523.241
-274.208,-12.2929,86.2551
-542.316,115.121,680.58
-212.537,-454.374,-574.137
113.315,226.47,-552.364
440.467,460.961,-322.907
-181.405,42.9384,75.4031
14.1384,29.4203,-54.3247
-95.4797,-230.293,120.719
66.8255,-304.222,-403.859
-209.353,-610.743,-527.831
570.364,-596.953,519.181
132.062,246.195,56.5608
-285.541,677.935,4.36609
224.534,236.661,894.059
92.8132,-51.1293,189.832
-41.3487,47.2795,1.11713
195.873,-187.301,11.656
-215.675,175.411,-69.4534
770.394,441.038,-364.405
-346.291,876.176,178.068
-283.721,-685.897,-608.568
595.262,-61.6641,543.434
-400.765,199.142,-246.015
219.693,-426.22,-708.861
39.7842,-453.198,-792.148
-270.91,-355.825,361.742
-84.363,-74.1315,54.622
10.4466,5.33385,2.15723
-16.9669,9.26536,9.32916
214.582,67.9091,-610.055
19.2042,350.747,-60.2927
311.197,-366.783,-447.886
133.75,-55.1084,-272.588
-33.7469,-459.145,-698.222
-272.708,-74.9368,76.2262
738.052,513.063,-204.57
88.478,70.9292,-26.0092
211.045,298.271,9.75857
149.306,380.191,-469.827
250.875,-115.595,-460.092
-576.918,52.9615,613.009
326.379,-275.445,653.384
-21.7278,-524.382,-65.0038
-330.538,-120.234,-59.4323
766.952,314.031,-341.355
-22.1672,44.0872,173.877
-13.0271,5.61041,-9.47311
-44.7117,-18.0107,-27.8596
206.562,-330.448,-113.928
54.9503,30.915,9.01421
99.2571,714.443,315.046
-27.391,61.398,48.0718
238.542,-264.809,56.0563
-813.587,426.813,-54.3863
-288.174,518.941,-351.674
-59.9417,97.3779,-45.0693
-19.2949,429.387,460.307
-814.503,23.1581,537.124
-159.285,200.236,-291.436
-628.401,340.212,-379.856
621.829,457.681,270.806
770.968,543.877,75.2777
269.875,533.949,350.739
739.671,-220.98,420.884
-32.6875,-53.2676,62.9631
-226.864,449.679,-228.688
42.7798,-15.8373,37.0161
457.417,-592.111,521.219
40.369,-10.5253,8.65032
-625.232,714.832,295.692
-41.4774,-8.09635,37.5245
91.2597,292.647,-375.54
-158.456,-280.05,-98.6183
379.985,719.556,-342.889
506.645,463.355,192.248
-110.696,-50.5275,-853.554
-219.879,-254.347,-173.518
-9.66946,83.6153,517.088
555.257,-538.379,517.75
41.0803,87.4098,-70.7815
107.984,274.378,-186.109
60.4598,-135.323,28.5354
96.4553,84.8051,33.0485
12.8051,17.9525,32.5518
364.068,238.241,140.211
-336.048,98.4211,172.685
-230.095,-90.9117,116.549
-132.418,438.636,390.938
40.5372,-90.0612,-1.40424
280.701,-654.931,-394.773
2.55071,-5.04765,-2.65391
49.7592,242.566,196.749
134.183,133.318,74.1549
-609.461,260.322,419.536
647.59,-26.3058,-528.112
-660.802,-72.5671,-495.655
396.753,-596.27,-51.8754
277.266,-695.455,-321.816
-42.8296,-33.3631,-13.1868
45.2336,76.1921,-60.4475
-440.753,-443.119,52.994
-263.342,311.308,144.093
87.7838,-606.624,-241.757
473.656,-762.249,-182.72
229.668,-239.432,313.706
-67.2154,19.0636,145.379
-246.221,-748.439,-539.694
-73.6046,-134.369,-7.2427
164.349,-163.644,104.453
-540.533,-262.608,118.54
-244.012,613.173,151.479
-290.839,-75.4337,-295.154
-251.423,-185.285,-218.785
-580.908,-631.03,-3.50232
0.974535,-54.4408,44.9278
437.385,-171.679,-343.697
-438.025,-307.974,-221.666
-389.881,-179.028,274.308
-43.2214,89.0541,-118.033
73.7458,154.795,-76.9302
-489.909,-93.9477,-591.592
-119.274,-170.587,136.641
474.247,-310.405,250.077
-13.2081,12.0994,-11.9691
769.253,-280.061,-166.169
10.9169,18.3597,21.1097
-12.2465,23.8718,-1.73409
-108.158,201.209,181.209
-364.709,177.432,-868.114
29.4273,308.816,31.1583
-42.6691,108.4,-106.366
157.264,-8.8384,156.895
486.165,-409.948,-533.315
82.5116,69.7932,67.7423
-514.502,-358.959,354.338
-311.356,44.3507,-336.239
608.736,-609.772,-179.113
90.5998,-89.0329,38.9366
2.99409,48.5031,105.38
45.6522,131.456,-64.2027
-462.523,450.155,-591.659
-468.808,284.684,113.222
42.929,38.2098,-71.3377
-9.48036,16.7213,-5.81896
97.2538,-66.7594,-95.1104
135.249,-211.46,171.097
323.883,-249.147,-219.4
462.819,-417.969,166.609
329.288,425.588,422.689
83.7679,-299.279,471.022
-341.962,354.723,-351.872
-26.3596,-14.4295,91.8096
79.8165,10.8435,-194.429
-27.3648,-86.8798,60.6779
105.374,-220.925,504.585
-299.916,680.993,-595.34
348.455,-11.1669,-255.089
39.9884,165.724,-180.562
-255.463,195.211,-251.658
205.637,405.715,172.956
-745.396,-41.1734,630.854
67.1721,-138.561,105.325
0.965329,0.536106,0.701784
-185.732,-247.947,167.589
-232.14,-205.178,45.4572
-82.9494,-100.528,92.6885
-568.22,108.989,311.916
-109.74,-105.175,-155.99
-717.554,-31.4832,-580.939
637.458,-177.555,677.39
-247.181,253.244,-175.554
178.356,412.085,-455.664
-477.467,292.851,-665.859
245.576,285.205,-561.188
134.477,-83.4791,-661.641
23.7206,-144.013,34.6461
401.257,-498.647,2.20423
-115.214,49.6734,-77.0686
92.1962,-658.444,-606.872
0.217613,0.307737,-0.0142663
242.965,-431.667,-258.22
-50.4175,-241.9,221.484
-39.9291,-251.743,146.789
104.913,173.363,251.836
-648.365,39.632,-617.28
-2.86883,2.97689,-1.87244
-17.2665,30.2585,7.26943
-38.1225,-67.2327,-31.3482
-52.5248,91.0995,-79.9334
521.794,347.901,-476.967
-808.77,-83.9842,-259.075
-292.858,-134.482,119.092
705.708,244.378,-425.509
309.577,333.226,386.686
-369.367,39.2349,318.043
-334.591,224.75,-3.09796
-209.044,553.685,-431.024
397.457,503.871,88.3692
571.484,-286.912,-223.8
-508.976,392.088,-471.543
30.4888,22.796,7.14992
388.103,77.1062,-157.013
571.94,626.682,361.256
-68.2936,-286.269,-687.504
-191.502,81.8669,-88.0688
646.71,485.172,-517.453
-527.008,227.386,-230.112
40.3762,517.12,296.16
-318.297,22.1723,-339.604
-928.655,209.674,185.388
210.843,-174.57,-255.616
29.4873,-15.3852,-6.67703
187.16,539.813,550.123
-188.245,-259.29,463.584
69.5233,-182.847,251.728
61.7258,149.196,435.907
119.954,462.41,-250.187
461.879,-368.649,-305.051
-114.195,-351.952,-585.211
201.371,127.133,39.6186
-125.485,179.727,740.176
-12.4515,-12.9561,93.8002
-443.109,160.017,-383.657
-46.86,-115.071,15.3918
-450.166,-146.312,758.586
-58.5689,-254.375,688.043
-105.578,239.915,-514.478
113.589,-336.878,116.818
-186.374,-323.002,-271.234
152.014,28.5002,95.1565
-502.911,540.175,331.526
-220.287,119.781,-243.335
636.442,-189.119,-568.319
-329.705,-84.8228,-99.8128
-725.099,587.226,-37.1093
-130.495,175.466,-165.401
71.7164,-163.383,-91.6347
-461.238,332.223,548.253
249.558,-161.867,-398.051
64.0151,61.0702,-138.46
302.445,-354.077,-298.845
165.082,155.128,90.1094
466.352,407.32,234.324
318.283,34.7575,672.507
-102.149,77.0395,892.058
51.947,-36.1625,-21.9677
391.315,-277.808,33.1592
709.495,-247.757,-381.951
-325.032,242.763,-255.415
53.5304,-234.846,208.734
61.6156,-104.632,-121.69
338.936,-332.191,289.481
-7.88866,5.61603,22.6621
343.234,369.775,-373.19
-146.728,-165.445,594.153
-428.889,179.389,204.251
82.8276,193.601,-79.1896
45.2458,-132.53,234.998
-330.409,-649.523,-546.5
50.3964,14.0829,-74.5149
65.762,-649.971,-251.186
108.339,-131.71,458.496
254.659,24.9687,140.401
367.3,-607.945,-596.019
431.978,-237.097,44.332
478.681,-415.843,-372.171
-62.6062,-8.59725,-32.1524
160.758,175.899,28.2627
-280.992,-331.443,542.809
-353.26,264.19,365.945
-625.283,321.146,-10.9303
-758.482,-74.3268,264.124
-391.42,-515.985,505.398
-33.2628,-396.373,-0.035488
546.979,155.432,497.494
715.99,-542.018,424.614
9.28589,-38.3487,-51.9351
365.109,-305.801,-125.387
190.241,460.561,-268.985
-198.093,174.32,216.39
-35.9663,-68.0811,189.65
41.4032,16.92,30.1242
-325.435,630.678,-72.3609
-332.43,-358.665,-189.172
-359.013,467.443,-141.616
63.9713,122.749,4.50009
148.069,99.7943,-57.3504
-4.20793,42.8105,-60.0471
-309.255,199.885,-315.565
-91.6318,343.199,189.416
-224.925,365.036,-147.544
197.563,-173.191,-44.9373
-53.2503,-60.8666,-332.815
7.4832,730.25,210.757
-246.301,-774.612,582.474
-438.594,173.776,340.005
12.3214,-10.2121,6.74547
251.536,-631.84,-646.99
-241.911,-941.667,-232.083
-363.187,637.626,-622.979
-190.161,141.656,175.56
-105.899,177.523,-175.368
-82.8581,312.553,-163.328
-184.121,-282.657,-80.168
450.16,-70.961,354.353
29.8788,-29.9243,11.3361
57.938,66.7022,263.27
260.108,-265.316,371.714
302.544,169.185,95.745
-350.002,141.31,371.176
25.8407,-553.931,-149.697
251.089,-828.579,419.229
50.5204,-465.673,-720.242
-32.8975,-19.5651,-30.1184
201.37,-20.2704,-136.691
304.049,-465.829,-366.973
-271.698,-10.62,289.952
-321.366,559.154,-539.448
56.2678,54.7637,-99.2938
6.14858,8.77621,-25.6495
732.701,-82.3127,449.731
667.135,187.365,470.62
796.54,9.28804,-242.398
-666.024,157.447,-564.468
-40.847,-486.516,384.991
208.589,591.258,603.981
-327.298,331.767,75.4395
-184.243,-801.719,389.549
154.485,-373.438,100.672
321.151,-46.2838,55.6102
413.179,307.34,108.38
898.329,8.14776,-2.84581
-474.474,-40.0569,821.952
-210.004,-134.713,228.412
329.107,401.535,-737.821
-208.929,126.873,8.65394
105.472,-125.753,427.246
-32.1704,169.926,-204.226
334.35,-557.111,-455.952
179.092,-61.918,144.862
-14.7125,-11.127,35.1776
-624.775,-170.518,-70.219
219.405,111.618,837.91
-718.048,253.96,630.425
454.908,538.034,-552.91
759.818,-189.336,-585.221
-218.916,324.01,836.034
806.839,-125.895,530.102
-30.3722,88.1184,-5.12193
-191.75,-19.4043,-319.592
46.9727,-114.686,147.093
843.649,55.8749,-279.055
-438.292,395.736,-772.739
-94.7135,-325.192,145.804
-46.4568,-297.997,-88.1343
-265.441,-423.18,411.408
608.202,254.216,521.991
-261.78,202.511,139.535
347.771,-35.7654,-262.37
25.6812,-1.30831,-30.0204
14.9506,72.5408,231.422
147.474,193.541,198.756
780.429,143.156,-48.5781
48.9005,64.4217,-72.4866
-252.967,671.588,526.673
478.349,259.973,-225.284
138.414,-119.517,35.2073
-38.443,49.8628,89.679
125.672,-201.525,-505.915
101.533,53.0723,-49.9258
523.585,-603.395,-548.161
392.381,178.404,-188.712
-548.187,-515.688,-318.224
-255.348,305.637,264.998
-57.8318,-210.326,-65.9489
62.1038,15.9513,166.288
-762.349,-94.9168,267.167
-506.155,311.887,210.785
-235.894,-256.093,2.43339
-437.085,-510.64,-544.507
-72.7911,-68.5459,38.5678
41.8673,-643.122,498.806
-114.33,-116.382,-20.6137
24.3675,128.168,186.429
153.983,588.423,379.007
515.864,683.456,-133.888
350.296,-284.402,-432.775
-91.4474,-17.8332,-73.2895
-81.5137,565.209,42.5345
-289.05,-576.649,-372.371
-39.3986,557.405,-519.009
121.795,-192.671,-387.102
364.297,62.1396,173.621
176.746,-271.723,312.331
79.1232,-165.839,-182.943
299.921,-200.799,-473.543
-162.067,-72.5069,46.8975
96.0163,209.669,179.446
-107.959,-149.001,19.4309
535.677,355.054,-21.4645
91.1771,-80.1437,523.408
166.241,286.226,159.437
-530.648,59.4067,-563.965
-77.6214,13.3898,472.257
-42.195,-7.45751,20.4189
-154.926,-339.312,-77.1001
558.757,386.545,274.245
13.8404,-16.5365,-26.1471
83.8898,-31.2248,-216.148
-100.581,390.582,100.398
-349.366,-349.6,582.049
-40.6864,106.257,-271.055
64.7372,-63.1488,59.1638
-170.753,783.982,242.601
-36.5045,61.5393,-32.4978
570.266,432.893,624.323
-102.692,-816.926,330.579
-21.0467,-142.61,-156.999
-249.653,-140.041,30.9235
-116.511,-241.999,271.133
64.5161,-659.241,-720.32
59.3771,-235.975,-183.026
158.593,-206.964,-274.058
513.8,110.067,-518.223
-22.3703,641.922,-231.288
-114.676,69.1809,65.6916
-333.248,5.30682,406.74
-1.38106,-22.5644,-1.64555
-108.941,-188.823,36.8384
-354.526,-129.9,-666.73
-508.02,-293.866,-189.655
178.167,50.1303,-95.284
-151.814,-206.959,-253.039
-592.208,477.856,230.783
-195.851,-113.794,203.255
199.246,373.477,567.545
-33.4107,-5.25741,15.8898
58.86,43.036,5.51945
-425.178,14.1343,665.439
418.989,94.253,56.4543
-613.725,377.036,-76.3275
834.909,-496.837,199.033
282.415,500.455,510.886
-15.2049,-35.6974,30.5887
-280.144,-259.928,-272.329
-568.065,-184.447,370.569
-11.4164,13.8798,-14.0544
5.80687,207.403,-276.696
-374.481,476.943,592.532
596.618,-635.236,-378.761
-208.791,174.182,6.67365
46.3848,-186.244,693.179
-373.806,515.814,-252.764
-570.2,-224.187,-488.174
337.689,-278.315,-190.224
40.0518,-562.245,-352.212
237.113,-234.873,-424.364
275.837,-149.962,275.045
-255.205,-21.9694,335.874
-123.728,102.952,-153.786
-122.239,-120.521,-66.3616
-92.3514,-80.853,41.1487
497.012,597.111,63.2215
321.145,422.098,317.365
-90.2417,-385.648,215.217
-171.831,-552.851,293.663
649.147,-588.42,178.793
157.632,160.126,-145.124
238.652,-33.94,-216.821
571.464,-105.576,-171.757
1.31193,-23.173,-16.7058
-529.486,558.564,505.921
-340.052,-472.006,438.859
532.082,-183.549,29.2243
350.567,-48.6201,-2.55049
-19.2694,-16.192,10.571
-167.488,180.952,-458.545
-4.21019,67.6376,520.812
377.289,178.955,451.406
-370.661,100.687,374.296
39.6189,207.452,-163.415
-293.986,-20.6292,184.109
-266.476,-559.12,540.619
-88.0362,464.804,-461.721
83.8347,-107.101,227.172
-7.46761,-970.699,-18.4165
638.921,-101.533,324.119
-440.082,-103.444,859.499
-371.186,303.068,-104.726
48.7401,44.3368,-8.15884
38.9333,36.3388,78.6052
-316.105,335.767,-11.0081
204.287,719.546,341.55
279.983,-299.495,240.796
723.076,465.72,355.102
-292.661,-237.104,-837.393
311.182,-151.042,-350.304
-351.184,-269.364,228.019
-115.969,248.544,236.048
-64.5625,-125.459,129.222
-625.461,-522.839,565.622
-378.368,-361.697,545.413
408.502,-122.804,-471.232
-103.698,888.602,-57.7786
-109.236,495.53,-562.083
98.2986,-67.9749,-20.8507
-422.402,794.264,-134.659
153.27,-125.638,199.871
-175.51,-138.134,-206.315
68.2425,357.354,454.992
-12.6149,-415.958,330.623
-245.975,-222.234,-206.206
251.537,9.94004,-533.992
140.49,120.785,-147.178
48.4347,-163.106,1.554
338.181,197.958,603.845
-168.161,150.313,-176.085
469.497,61.8073,-223.631
-341.793,79.4084,-293.337
818.054,-412.789,318.741
739.812,-274.776,-369.69
1.78215,-403.112,778.113
-332.821,-580.477,544.702
449.556,-309.125,-399.207
516.084,429.233,-129.556
-14.6207,-574.653,-648.199
234.123,237.92,-243.146
590.172,-550.794,-52.4139
117.024,-50.4573,-188.95
-531.263,-389.16,234.389
-453.826,24.3102,-470.882
39.2682,322.498,-152.741
-334.997,-367.568,289.734
-66.1528,823.938,434.519
-4.79769,672.259,270.156
39.4884,56.2996,-679.063
-1.022,-273.826,365.756
465.057,409.994,-34.5807
-348.902,134.182,298.117
-175.527,349.326,-118.789
-146.946,-556.637,-577.732
256.154,521.577,-163.819
49.6017,60.9375,330.494
32.9531,196.264,237.402
-146.794,-86.6859,87.6046
248.022,326.736,132.356
-256.896,263.861,25.1562
-361.096,-719.484,503.672
197.563,90.0616,213.59
240.285,577.476,-66.0869
49.7609,40.5073,-978.038
-542.249,414.73,-37.7015
294.322,-841.18,61.8215
570.486,-484.032,-202.339
144.811,-36.7585,124.9
584.711,42.8205,-349.329
274.26,278.362,-463.359
677.315,526.535,46.6394
107.703,-195.412,-454.448
-279.927,28.6924,-266.378
41.6791,-9.79165,-31.1828
205.07,-196.686,-178.801
933.588,-58.829,-51.7389
-68.8466,-23.964,-35.6698
47.0329,90.344,115.199
358.198,-425.778,-142.77
94.3044,-107.681,-181.626
166.289,74.3625,-86.9738
55.3707,88.4353,-27.5792
-542.007,716.37,317.451
112.986,82.2916,395.678
-81.8527,-105.098,-29.7366
-108.789,890.961,1.52344
-200.95,-79.7659,260.32
267.526,497.098,-390.557
232.07,121.715,222.25
350.859,58.0285,602.049
-197.019,-25.7039,198.728
-444.928,-720.8,218.352
563.048,-589.395,-571.355
-245.718,-321.049,780.038
-200.579,189.083,-18.3799
-262.159,435.306,-339.662
-52.2054,-165.482,-449.881
-264.398,-836.573,-126.487
-5.77994,194.684,-103.565
-385.809,-721.065,411.731
383.104,621.366,-245.837
-168.546,-187.974,-196.761
202.013,312.274,77.3315
39.063,32.2013,40.7046
261.711,194.871,-557.228
49.7364,-73.6741,14.5122
784.26,-1.30539,-595.201
457.151,106.443,694.905
206.136,-396.662,226.769
-143.991,92.266,-69.1583
675.22,104.88,69.0914
-80.3044,15.5918,-96.4002
-494.248,-150.024,-439.112
-72.8503,5.23586,-4.19049
-841.252,317.721,143.097
-137.531,25.9952,-67.3372
439.085,-179.824,-340.416
-87.1167,491.335,682.983
468.25,313.036,308.609
-89.7056,307.108,68.9694
184.768,-276.064,4.63621
-187.223,84.7676,232.014
650.458,633.374,-235.559
171.568,-201.771,220.32
15.8714,32.0087,-21.2495
329.457,412.938,-105.4
-102.168,-146.766,76.1636
526.288,-469.778,370.134
237.144,420.05,-193.715
-96.2565,-102.305,-203.011
-152.273,525.574,150.292
254.296,-333.067,133.828
-244.088,533.009,228.789
234.13,-213.061,255.219
-387.911,-296.888,624.838
74.2452,-3.34115,-17.4818
160.927,-296.027,320.187
-507.123,146.477,-296.236
230.921,157.259,-195.377
-335.633,-144.546,749.85
173.418,-143.188,-172.362
-449.866,74.1842,249.474
-178.14,-603.828,611.065
-513.76,-43.6917,-537.979
165.547,284.391,-69.0975
-416.816,-754.231,313.738
-8.9073,3.65465,-9.58787
-306.457,-531.919,-386.415
30.3859,-217.773,220.681
-27.3906,189.317,-255.944
-414.903,-194.627,473.346
60.5438,47.0182,-50.7204
-244.021,359.968,418.256
77.8381,115.787,99.1416
-118.524,411.67,-38.6659
-309.533,16.9791,450.117
5.24515,27.8841,-364.148
365.222,246.275,118.265
1.44725,267.104,59.6292
339.603,-257.264,-456.633
-265.078,79.4889,-873.123
61.971,161.432,87.7665
600.151,-438.009,27.6278
-354.879,-443.928,311.63
-64.7588,-522.69,-813.51
494.39,-489.868,313.114
-85.5232,48.4006,18.4396
-238.207,724.789,-534.592
-52.8903,-68.4015,-2.10918
-112.625,-38.8758,27.4879
228.717,-256.324,107.269
133.354,-33.1298,-83.8078
137.932,-16.8158,219.527
592.132,-63.4717,469.438
103.931,19.9841,609.851
128.958,126.855,-8.55936
-301.861,-32.8199,653.07
-1.25427,166.993,-628.412
193.531,37.8185,134.116
159.312,81.892,205.48
691.573,181.57,4.80475
-238.435,-21.8007,-224.588
-108.695,395.251,348.008
4.75939,13.7204,-3.38943
462.033,486.754,290.513
-742.535,268.748,87.7476
-63.8265,-381.862,-476.064
148.165,-94.8771,128.571
44.2271,29.9378,-42.7856
-449.248,-327.239,-518.599
292.195,295.84,144.81
217.984,-192.374,208.29
-428.649,-568.194,450.418
-534.045,187.372,88.2275
516.942,-144.642,432.982
84.5314,336.461,-333.62
-91.5069,-735.511,-550.95
-294.797,287.16,198.942
13.5668,545.878,326.902
-315.562,638.904,675.652
782.522,117.697,-315.578
100.328,-503.176,706.763
-424.588,-323.734,-641.277
-592.855,292.831,414.207
296.872,53.4301,-123.879
70.6239,-252.829,-190.172
176.957,-294.3,-902.631
25.7341,33.0229,-34.9854
-454.116,732.71,-210.769
307.816,50.6959,536.777
533.631,-257.937,-792.833
149.222,-60.7496,0.759136
18.184,553.623,-190.916
-11.3283,-91.1709,-129.094
349.422,-33.1245,-181.013
256.527,-640.948,560.133
-16.772,17.2922,-42.0568
-531.739,-377.922,-254.819
-348.028,444.949,-542.527
233.152,-181.464,-112.32
-131.52,-71.4658,-350.003
-32.605,56.149,-67.5178
174.902,840.395,211.637
-206.18,59.9327,588.596
-86.6754,815.313,-62.7834
122.845,240.437,309.065
212.876,-36.5464,154.567
-369.26,-158.168,476.971
333.055,-383.489,62.2159
-477.344,-27.0052,-298.257
86.1397,164.422,-115.629
-27.1021,9.62417,76.0094
-613.436,137.934,346.854
-356.735,-249.225,679.891
38.4883,553.184,-394.353
48.5822,36.2291,-34.8708
33.3992,-196.555,-31.1976
-322.605,-100.842,-297.76
67.8733,234.448,900.934
-426.842,-649.165,42.0433
548.385,422.359,586.668
138.828,208.965,-201.014
616.038,-335.542,160.508
-21.2135,-36.9656,27.0523
145.931,-67.2627,2.38116
78.2362,-262.587,-571.75
-314.072,-435.187,-251.341
790.108,-407.341,-344.675
-258.531,-5.26615,-76.744
70.9914,-263.045,-234.358
235.239,-303.675,-503.456
-189.32,144.571,17.9376
-257.806,-677.31,173.171
-414.277,385.469,-311.006
323.002,354.594,-100.497
512.321,-621.36,548.818
348.253,567.088,-517.362
92.7779,-93.3272,67.8983
330.009,582.628,-562.567
-32.9888,-25.303,29.0227
-536.698,582.662,124.346
124.583,303.882,271.948
49.1075,-55.0868,-4.98921
574.756,-99.9278,-503.334
380.845,795.818,31.7331
298.311,343.391,-88.6187
-361.486,-647.306,-158.894
350.468,-60.0256,451.076
209.888,-167.303,-95.0677
135.218,228.616,-319.829
205.888,-215.819,-311.677
290.822,220.484,-144.16
59.7849,-8.78234,-60.1506
-520.549,-392.76,264.343
99.5126,-126.796,-873.478
-182.721,-282.904,23.108
-33.0445,-9.05811,207.669
-147.57,-226.235,218.334
104.006,348.639,397.787
194.266,35.0429,-112.2
65.8959,150.633,-169.8
-442.857,709.303,33.9445
0.894771,-38.7513,-49.4646
-413.907,-435.943,406.967
20.1438,-20.8072,17.9708
-278.048,-288.107,51.2995
603.483,-356.472,160.138
-152.315,-475.09,429.903
30.2112,-77.3577,-204.074
449.91,253.389,-264.851
732.977,-258.071,-547.48
57.3087,97.799,176.97
38.0063,176.752,-115.164
269.724,-52.0599,-408.73
562.493,93.0618,-262.025
-23.8937,18.352,20.3422
-187.295,515.874,546.393
-343.046,-409.543,652.17
249.766,-269.48,658.998
-411.863,-596.662,518.323
-357.491,435.887,255.239
513.697,123.159,730.191
219.768,31.9649,-123.217
75.6139,21.8593,-51.2974
-489.229,21.1361,-332.316
77.9559,200.32,-150.224
-585.35,-374.664,428.552
-482.962,751.719,-421.259
564.117,117.657,98.0016
132.245,-2.34927,-411.025
254.883,-156.618,57.6755
9.1159,-36.4548,-445.76
-347.535,-100.339,-579.38
-470.956,-320.698,-99.9174
156.653,181.84,228.144
100.202,110.25,-210.084
3.91767,-1.41319,-5.57686
38.4036,76.5641,-90.8021
479.167,-216.205,-337.471
379.753,649.294,-627.773
-629.034,381.005,394.609
357.925,410.34,357.879
166.192,799.957,516.667
56.9872,-81.0364,282.095
-101.92,311.783,34.4124
-133.882,-137.124,-207.362
343.606,-322.066,-84.4252
182.689,-296.794,-850.006
-111.554,234.892,386.724
-148.057,-93.2263,-484.924
333.446,-201.879,-536.951
624.033,-290.311,-620.189
446.119,-534.678,494.89
-659.513,353.64,-272.677
117.039,-832.769,-32.4249
159.065,72.8208,-195.423
-585.655,452.798,153.878
-286.701,-313.112,83.6146
-30.5711,-123.772,-371.739
-215.377,24.7004,677.565
-432.89,374.512,57.9961
26.0196,-281.64,-44.8375
-681.605,-651.14,73.7762
-502.018,-43.298,-78.7448
600.385,131.126,277.346
-699.311,-202.722,2.692
54.1621,-32.9834,64.4822
223.704,-459.424,309.423
-2.83731,2.15992,2.86715
-22.1034,-47.021,-31.4826
-793.583,-176.892,544.559
-403.144,-118.384,-244.826
-154.706,-32.9499,-54.8429
-478.248,-524.816,-159.402
-82.9367,84.3797,61.861
59.4339,-7.8313,105.605
-46.1298,8.57649,-0.130678
726.127,-168.402,438.422
-372.551,506.322,558.144
63.9241,-61.4477,-81.0008
-90.1998,-59.2011,-54.6372
-140.543,55.8555,-17.4642
114.541,21.7752,-44.1963
134.711,99.2453,98.5136
-283.775,207.441,-266.98
166.368,-213.83,426.383
178.897,-40.3816,138.463
19.0268,-334.693,-118.897
458.555,373.642,-453.849
21.141,-11.8549,-37.4371
9.2151,-17.2044,-6.21169
-439.318,-150.351,709.683
-877.373,264.604,-102.403
251.686,-173.357,162.903
-180.192,170.549,214.639
0.422378,-121.501,203.922
-312.306,-373.325,405.524
-7.78606,37.8434,-1.46981
72.8213,-82.2367,-64.8878
77.2214,77.364,33.7905
-0.417862,2.26479,-12.8621
-629.528,114.5,-409.212
-81.8117,-65.0374,22.154
-152.327,-388.129,438.89
303.254,394.26,-516.634
35.9054,-108.033,-360.787
-284.244,363.504,-299.669
-327.135,495.465,-406.545
-277.962,190.991,119.904
23.4112,-30.4106,29.0817
-109.108,-175.397,-224.119
-20.2921,11.9023,-20.1368
-93.7409,-123.422,122.624
-191.014,492.118,-363.078
299.04,-95.6575,-375.793
279.53,650.289,-621.433
-370.283,-376.084,-231.136
-308.306,-214.431,408.239
341.196,-40.3633,-722.447
-146.881,-236.349,516.067
22.5898,270.725,-573.455
162.004,-108.564,-43.5704
-561.116,-214.945,35.2192
746.707,617.596,101.703
-14.343,55.9591,-58.9349
315.978,-387.375,-384.269
-74.8952,-22.3334,70.6702
411.812,374.055,-258.89
-129.584,-90.6356,53.3002
797.579,-40.2178,-390.326
855.065,-109.969,236.356
65.7421,110.947,-422.145
-29.4785,381.071,-599.71
344.247,168.245,688.051
-108.421,72.1141,-53.625
578.529,230.905,101.053
-416.924,-94.755,731.039
635.273,663.509,216.114
644.204,-203.133,534.903
-261.393,-187.376,236.546
-130.432,383.19,-206.144
-122.817,159.249,148.933
277.482,-244.23,361.264
-22.1216,-323.258,-462.706
-155.577,656.99,-398.834
134.943,192.324,-30.0389
222.618,-244.752,-134.43
11.7275,-7.28026,1.10736
-320.985,-261.866,-191.131
-629.097,-566.799,-89.392
3.6544,-68.124,112.482
122.627,210.08,-166.484
135.237,-115.907,-129.482
71.142,-69.5813,-19.9491
119.17,-55.8897,-124.783
24.2761,41.3896,12.4553
-191.32,-139.469,225.773
-111.273,304.6,-496.274
-99.1209,-106.152,182.742
-204.469,-179.482,-9.94462
-267.151,40.5643,180.855
-634.867,-683.322,23.6966
271.918,-695.412,-88.7852
113.063,427.864,-471.874
13.1798,-95.3378,8.2506
-109.168,-173.275,-201.65
338.471,-431.864,180.036
-242.999,314.609,-354.9
112.244,101.51,-113.739
-55.1086,125.488,-79.1166
133.976,-162.507,28.5096
-254.491,-158.883,301.317
-89.1943,-528.772,-232.276
365.4,494.554,74.5667
-73.2249,535.213,27.5213
-33.3587,240.363,325.884
1.22559,400.744,185.449
-250.151,466.556,696.118
-220.05,-68.1285,84.0554
140.073,-854.661,307.395
-2.9999,-19.635,69.6012
-693.976,440.354,-446.523
-13.8074,-11.4613,-130.208
124.239,112.532,76.5165
207.082,-538.472,637.514
-295.475,215.094,-214.887
-110.63,-34.3026,185.225
172.278,344.674,-249.982
-47.2927,396.38,-318.29
271.072,141.611,-134.145
-440.73,-407.377,329.801
-616.647,-485.59,603.899
148.594,41.8054,200.328
-922.407,-161.428,-288.891
129.709,-139.094,256.135
-454.784,244.38,162.521
-446.662,-57.8859,93.4025
-5.68069,-12.9766,-4.36038
240.309,406.028,616.427
-279.224,404.826,132.849
481.091,-356.676,-561.185
47.4951,356.086,73.3133
-197.036,428.805,209.873
187.948,-290.897,-207.563
-296.84,166.681,-287.85
-36.0388,-18.9373,-65.3288
2.98829,-576.178,-187.672
585.483,-140.843,-454.87
-100.507,169.748,12.7551
38.2473,-61.7762,-32.7796
-80.8664,-32.8058,102.982
758.256,-148.954,-28.7983
-72.4385,-39.5633,-126.442
-563.723,-47.5351,594.988
273.925,344.75,-12.6332
-543.413,-450.732,-484.094
-688.996,-355.971,611.476
-422.082,115.131,142.973
64.0613,-83.272,49.8842
-51.6007,25.1748,-43.4819
5.07347,-49.7894,-61.1081
3.52125,-20.8281,-2.52238
-96.9333,-439.4,828.007
349.018,268.301,-386.525
-308.65,768.018,-280.97
54.0516,134.451,113.296
-706.966,-588.727,-257.775
-242.338,-719.014,224.841
798.526,104.324,-82.7603
137.91,524.237,-333.181
686.3,-365.329,27.2819
239.376,-46.5959,-181.279
-542.011,-668.434,267.17
17.0244,-115.986,-12.6419
74.3847,152.445,-112.09
-227.527,8.08083,208.919
-66.2079,-741.31,-82.3197
-393.627,366.957,80.7934
-206.085,24.2485,297.661
198.218,13.7634,86.4625
164.386,-54.2154,-131.038
68.2203,773.122,-407.067
23.5716,-29.9867,215.049
59.8241,-788.044,-522.9
-318.296,65.7932,39.133
506.487,-133.533,794.357
-293.602,-433.733,-168.567
688.069,-88.8379,127.951
80.397,223.626,125.251
-225.877,-255.47,-822.548
21.5622,90.6116,-91.7079
135.45,70.648,150.701
-558.275,734.787,-359.383
251.91,158.936,-225.185
116.549,211.355,-632.473
-254.869,116.965,-165.121
224.962,49.6869,327.731
156.513,-246.461,464.385
63.6264,347.305,-185.623
359.322,-316.142,-334.885
-27.5719,51.4825,53.3047
-302.619,-709.39,396.942
-139.69,-204.373,24.3995
201.371,498.593,24.2352
607.091,-623.095,76.1251
154.515,48.7753,-163.002
277.324,-727.106,-314.189
108.712,472.119,290.744
-228.637,-401.76,-96.8775
665.838,294.828,-277.138
295.764,-276.975,208.934
-321.195,-597.083,254.724
209.927,-45.8337,99.2798
-89.9112,-88.0772,1.87009
36.6555,168.577,434.401
28.8395,174.533,-255.197
-627.601,428.647,489.743
53.4021,-228.878,21.368
-219.897,255.633,404.229
-316.231,-255.92,-154.172
-87.7659,-110.041,-224.193
-112.392,161.771,-82.952
730.763,361.838,325.87
-712.423,-319.637,272.154
341.087,529.915,-745.326
-93.2169,258.942,-134.849
-431.551,-315.553,-446.574
-89.9183,76.4944,220.664
-93.3145,20.7511,408.266
354,-20.6753,-265.555
72.3524,570.117,146.557
-386.213,752.082,26.1416
96.4862,77.8501,-83.487
10.5839,24.6533,36.9772
-8.00197,5.72355,-7.98447
-123.121,-110.337,94.8515
-15.4765,164.895,115.183
-34.0375,-37.6478,-65.7854
-86.7746,-29.3011,-43.4731
90.4327,-91.4036,93.3544
-112.944,243.468,83.4918
-0.318225,23.7072,35.237
411.977,548.972,-249.471
-903.897,-273.865,73.546
-335.919,344.447,207.921
321.901,-506.838,307.78
171.167,497.193,-659.722
-174.694,-526.018,-195.885
-352.304,-277.062,708.102
169.867,155.755,-153.964
-364.735,-11.3185,504.059
-436.986,-123.31,629.623
-200.926,-183.135,90.854
-278.073,445.107,-311.367
-134.087,551.087,-421.93
-276.418,332.726,-476.502
1.4802,-834.669,-348.593
-291.048,219.666,-73.6483
71.6131,-167.88,545.328
-474.799,-184.562,476.226
-417.201,-411.649,762.843
214.679,-33.7527,201.467
-563.811,526.949,31.759
648.68,-416.619,56.0529
42.3753,-30.9797,-61.2864
186.915,264.189,-50.2061
-586.314,-550.241,-416.956
168.238,101.609,-220.222
436.619,354.641,-733.35
-504.154,269.67,617.385
-172.035,144.854,-122.268
44.8442,172.005,-32.8391
-145.738,134.164,65.2856
69.708,1.21405,-2.10081
-39.6817,163.102,-190.897
-190.56,-204.973,56.2311
-304.003,-48.5782,70.6437
-694.903,-116.285,674.507
295.05,112.991,-279.311
47.5198,-65.882,145.803
284.29,252.996,67.0836
-533.454,336.859,17.6487
-50.9708,-17.7088,44.7706
-45.9788,-40.9655,-37.0634
-322.7,-229.61,456.572
-131.19,-164.596,-499.097
-537.336,18.5404,7.31557
-400.324,335.178,511.367
43.5765,-124.982,-51.5386
-17.1982,-6.46676,-20.4459
19.1425,-81.5202,-47.5224
224.589,328.95,160.461
-371.247,-68.0465,-123.162
-404.692,-486.178,-266.329
57.0286,50.218,95.5446
546.968,-457.173,-109.65
670.429,200.488,-500.683
500.463,-478.608,-259.697
-10.3764,-380.539,429.897
-145.982,57.7601,159.503
474.549,-421.57,-69.1266
14.0194,3.08061,-5.0282
484.978,197.266,184.144
-49.3149,42.619,208.119
-116.236,346.384,40.3784
-175.134,347.383,228.426
57.9022,1.96246,47.0513
129.937,124.315,-316.794
346.587,563.625,676.183
-120.532,137.127,364.189
-20.9611,-63.1959,67.0633
-13.7622,64.6359,25.2374
747.6,-137.327,-305.902
881.808,-70.3541,-47.2125
443.739,-21.0116,130.021
338.729,-635.394,-481.573
-5.57709,-2.79742,-4.26542
173.219,-55.4875,170.393
-145,419.138,-174.084
-358.847,555.259,-548.567
21.1982,-64.384,-21.0185
521.045,-348.798,555.529
475.613,-462.579,424.556
93.5705,-158.964,-183.89
8.50663,-150.238,-672.5
-283.562,262.257,-115.404
10.1135,-8.82874,5.03467
-545.571,-423.816,-356.05
371.746,-182.807,110.771
-511.904,-423.56,-613.574
22.2534,-23.1598,-23.249
-368.195,-834.793,-44.9015
664.495,436.759,529.014
47.1338,391.529,713.984
553.146,-673.087,467.66
-252.979,271.359,293.728
526.28,-267.841,-670.833
-58.8001,345.451,216.907
58.2939,-104.176,-51.3905
51.9112,119.855,19.0632
182.181,91.3857,284.135
785.239,-230.044,535.683
-600.659,-108.82,-574.38
326.918,-460.406,-387.658
-237.689,-18.2571,-37.4904
-561.255,-161.814,783.468
352.055,-7.33176,633.111
-263.244,386.666,341.528
122.178,-60.0326,239.267
57.6776,18.6553,-54.9527
107.745,167.786,100.43
64.1632,180.34,186.72
-43.1248,69.5529,-51.1967
-532.026,-202.701,-549.26
101.356,-625.235,727.351
-533.596,332.983,516.275
-101.076,-187.669,-6.27027
750.944,524.769,334.803
-446.936,-437.303,647.269
94.3062,115.846,56.8941
-240.003,279.009,-148.13
-494.223,-192.043,788.982
216.829,230.905,-126.174
174.734,69.2881,72.2028
-548.91,643.924,-366.332
6.86688,-3.69824,-5.89979
295.83,-279.962,207.147
-351.201,-472.222,306.506
6.74964,-277.337,-483.505
727.465,120.219,-562.011
333.226,234.136,69.6557
63.8181,64.8155,51.6298
238.36,-537.621,743.082
-99.6621,147.96,84.9987
-187.649,358.397,-212.77
8.66352,208.61,-441.888
-156.909,-148.387,-21.0377
149.623,330.123,-59.0707
-678.423,-417.433,-284.308
145.365,-521.661,-664.746
296.901,-412.927,-54.7392
-236.411,235.038,211.973
139.554,616.679,-313.821
-92.5005,47.1409,-140.918
-428.845,642.388,-554.444
5.2444,-21.421,-20.0734
-242.51,-273.495,774.394
-583.119,100.655,282.993
-648.393,204.095,-509.947
264.46,175.757,-390.42
-230.508,29.9741,-165.931
104.854,74.8412,-27.5006
406.037,341.582,-725.326
-39.5108,165.845,-244.197
-268.19,-148.747,276.518
-28.0803,-131.653,74.3775
-734.298,-90.1934,157.486
657.028,629.658,240.632
-276.968,-522.529,-528.097
322.558,387.323,-717.753
179.443,-219.502,127.638
313.406,355.449,-23.4767
-280.371,154.772,197.63
-86.7314,97.4098,11.4267
-275.878,-3.84481,558.043
-190.669,-378.034,661.506
65.5641,28.6442,46.8919
742.077,556.134,-358.961
1.69949,-66.7546,-60.2485
13.9546,1.12962,23.3554
136.237,-105.914,67.359
-262.388,339.31,-65.3755
-64.1201,-128.781,117.307
383.104,43.3342,219.63
122.382,-15.2986,-246.6
210.389,-559.559,-661.157
-593.068,735.356,-76.0101
353.004,93.3406,-438.922
71.6651,-50.1083,74.1
-427.336,83.5445,-380.721
68.6143,2.83874,80.2716
140.007,-312.676,434.196
-704.481,542.499,134.061
-138.209,465.924,307.152
-41.2605,360.41,-247.083
94.1249,56.8379,75.0318
89.4825,-648.499,74.9965
54.972,-43.2833,-16.8507
93.8615,29.5536,-135.179
194.822,357.535,455.168
317.59,248.253,106.761
12.1511,-101.556,34.9921
-529.051,539.135,-528.489
527.613,-407.738,315.781
-609.837,643.841,101.51
44.3729,21.5038,-27.9118
196.462,214.15,260.174
-222.927,-133.947,2.7872
94.1335,-78.04,-48.8119
3.05946,3.89869,0.278858
30.5063,122.222,-170.114
77.8926,-635.893,-660.847
306.467,824.878,462.29
-491.64,171.49,-382.086
-439.09,-233.738,-212.296
92.0302,534.72,-305.516
-58.1587,-12.5432,-125.754
381.642,-661.745,-252.759
215.197,193.869,251.495
105.65,205.456,-71.1807
-204.988,87.4038,-338.401
-593.614,-184.28,-298.601
-27.8391,-0.613577,94.0608
325.025,-260.798,23.9042
-0.821609,-16.4226,-12.4106
-100.475,297.216,-336.981
37.6449,-39.2629,7.61357
-632.108,675.973,215.426
59.0957,97.0134,26.5561
200.279,-33.9308,-311.498
626.442,-618.793,-257.599
448.762,123.81,429.096
647.906,-293.463,298.949
-593.751,418.119,594.198
86.0486,24.8217,97.3439
18.2822,26.7165,-10.886
-2.95276,283.036,287.761
-291.206,509.872,-136.254
84.5276,-199.929,192.284
290.977,532.9,314.065
-42.0575,-37.2055,-20.4473
-75.1743,81.0058,-77.5718
111.11,-255.523,-87.1738
-39.8303,-200.719,155.933
346.222,315.652,-39.5914
-47.247,-59.1312,150.89
270.973,-318.028,-190.948
-441.831,-35.8479,369.483
-6.78973,20.7225,10.8909
123.592,234.609,282.298
-241.134,-209.971,246.967
256.929,731.396,385.696
-329.075,-748.669,530.498
56.7015,33.5781,12.4776
-571.156,420.705,-538.008
-8.20745,43.016,-8.86392
-237.861,281.322,164.617
425.653,428.747,-372.233
92.4916,67.902,-15.8961
-724.943,50.678,-576.379
-146.33,-653.82,-154.707
-141.426,343.958,-305.531
498.378,-219.691,677.509
-185.097,-434.032,-128.242
-354.319,688.159,-455.84
-96.7821,-7.18764,268.877
-1.20345,-4.8168,0.0577765
99.4556,-148.035,-80.8204
-11.8592,309.293,154.978
397.811,-729.446,124.125
117.535,257.42,119.92
744.214,-297.575,333.889
-693.448,656.684,-270.425
-139.995,195.727,169.021
-456.107,309.309,392.864
-595.659,437.301,344.197
-354.347,621.588,-613.312
13.8398,-180.479,16.0461
-111.915,-20.5073,-64.8382
-257.552,-530.227,95.3323
743.341,298.145,-372.74
-644.55,-164.844,635.457
190.905,-171.737,-113.839
156.53,-451.942,-24.29
-13.1732,665.645,-299.94
670.431,456.532,-413.845
495.95,519.643,-264.315
121.545,121.177,-7.46623
327.382,-287.687,-435.607
-694.085,-26.724,-341.979
-0.708301,-0.171861,69.3427
-204.57,-103.29,-36.0085
559.634,-256.504,-250.459
160.065,53.3346,-176.262
-519.902,474.918,192.263
60.6365,377.818,-249.075
-725.667,-304.351,-260.637
-3.84748,-5.87384,2.67267
752.26,393.725,472.635
151.449,335.409,65.6002
-398.219,31.2938,690.636
-788.989,-124.346,-10.133
212.46,28.2429,95.8832
12.6682,-9.43048,-46.3374
402.46,-405.644,279.922
114.003,-114.606,-132.919
31.1202,-5.59608,-61.2247
-41.1167,-32.7932,-15.3766
-50.8572,59.2463,-111.241
220.754,212.271,-94.9555
96.2923,-152.218,-182.929
-456.815,111.636,-327.434
87.8833,99.5866,78.6149
-122.008,198.553,-420.163
-107.605,-623.161,-187.326
-101.15,-143.152,-173.638
77.0209,-327.891,557.944
-365.715,-380.021,472.794
54.2756,39.5578,-30.3425
297.162,-546.811,-73.6058
-205.808,-79.2024,228.161
-165.816,180.595,5.19588
-172.311,-105.732,31.5005
-27.8151,-42.7299,-15.1305
58.7839,227.364,278.007
50.167,-49.4707,36.072
-518.635,-587.593,-492.559
-88.4401,74.9205,63.5722
-70.248,-42.4411,36.2271
-400.712,-678.666,573.063
-96.953,-620.774,-445.282
-56.2892,-429.036,528.076
-173.684,286.435,-70.9788
-582.789,-205.492,-10.7614
338.879,214.344,-188.611
-286.322,243.943,23.1644
-439.049,127.11,-731.422
-76.2643,73.6829,-93.5009
333.445,-166.347,-851.374
-647.939,504.98,344.097
-212.746,-96.2178,-208.767
283.972,-204.801,91.1023
-115.934,-476.286,338.502
318.961,-390.072,-25.7619
179.519,446.959,456.751
124.333,142.137,-112.609
-835.584,-11.6712,-453.163
32.4212,-2.58676,-26.7103
697.939,-642.628,-297.381
442.517,156.758,-500.068
-85.1173,230.233,-410.828
-433.937,-598.942,442.803
-262.133,137.681,-230.681
-134.978,-452.358,-591.618
42.9302,-7.67954,667.022
302.856,210.176,752.872
414.98,-686.527,0.0438263
191.42,82.6303,-102.626
-179.908,-32.7899,-32.4364
524.14,691.868,-449.721
633.045,34.9074,-526.982
-633.04,-693.803,208.722
138.685,-194.448,-694.984
-206.108,292.259,244.107
-753.535,159.16,-499.145
211.086,-144.132,85.6135
426.944,-547.744,663.671
411.355,-385.99,727.192
168.125,344.558,152.573
-270.077,-211.516,-217.553
-7.67451,37.6332,-32.3832
-215.071,306.435,276.32
170.838,253.001,556.725
77.6152,309.054,257.099
60.9433,82.8312,-77.6077
184.776,-706.771,-77.051
8.28688,435.472,-410.418
-138.275,109.046,133.172
77.0748,-113.958,75.9989
-7.92589,627.191,-613.767
703.181,-524.146,220.686
-35.1762,100.224,-855.763
-490.975,248.085,480.542
86.8473,-426.382,234.504
246.881,513.755,359.851
-207.085,343.034,-429
-71.7767,579.254,-519.919
764.452,247.848,139.006
470.547,60.4012,-73.354
-13.4345,-10.0789,5.14552
-260.851,-228.879,189.443
489.654,99.6344,-7.37305
-534.094,156.567,-16.326
335.272,-499.638,650.994
658.779,-6.24417,-372.198
-29.9222,-26.7002,0.438603
342.374,163.689,429.579
-8.53076,-5.45676,61.9324
-363.521,614.349,102.516
55.4417,-402.277,292.137
742.902,328.459,-370.277
-67.1085,-129.51,-214.267
15.6062,-15.6117,17.6311
478.296,-474.082,-465.13
113.634,148.419,-19.1316
763.473,-280.307,109.188
568.589,211.326,608.292
372.969,628.156,-264.278
